Wavelength,Flux
3469.0055583950934,1.0300828e-14
3470.473022616918,9.9283761e-15
3471.940486838743,1.1758717e-14
3473.4079510605675,1.3755958e-14
3474.875415282392,1.1414452e-14
3476.342879504217,1.2273891e-14
3477.8103437260415,1.1765140999999999e-14
3479.277807947866,1.0763401e-14
3480.7452721696914,1.0093263e-14
3482.2127363915156,8.400313900000001e-15
3483.6802006133403,9.5254803e-15
3485.147664835165,1.0267582e-14
3486.6151290569896,9.6915811e-15
3488.0825932788143,6.6790556999999985e-15
3489.550057500639,9.1906863e-15
3491.017521722464,1.0938396e-14
3492.4849859442884,1.0671901e-14
3493.952450166113,1.1004598999999999e-14
3495.4199143879378,1.1365332999999999e-14
3496.8873786097624,1.0125288e-14
3498.354842831587,8.082161500000001e-15
3499.822307053412,7.4175012e-15
3501.2897712752365,7.423633899999999e-15
3502.757235497061,8.607446600000001e-15
3504.2246997188863,8.9946973e-15
3505.6921639407105,1.0255153e-14
3507.1596281625352,1.0846571e-14
3508.62709238436,9.2919153e-15
3510.0945566061846,9.99286e-15
3511.5620208280093,1.0829774e-14
3513.029485049834,9.584946e-15
3514.496949271659,1.0041642e-14
3515.9644134934833,9.3789393e-15
3517.4318777153085,9.3400908e-15
3518.8993419371327,9.3342632e-15
3520.3668061589574,1.042612e-14
3521.834270380782,1.0885385999999999e-14
3523.3017346026068,1.0175415e-14
3524.769198824432,8.8515091e-15
3526.236663046256,9.7118866e-15
3527.7041272680813,1.0469333e-14
3529.1715914899055,1.0034302e-14
3530.63905571173,9.0948814e-15
3532.106519933555,8.7372363e-15
3533.5739841553795,9.5094961e-15
3535.0414483772042,1.0507773e-14
3536.508912599029,9.77072e-15
3537.976376820854,8.1754255e-15
3539.4438410426783,9.4814932e-15
3540.9113052645034,9.8929739e-15
3542.3787694863277,8.0725521e-15
3543.8462337081523,9.5092767e-15
3545.313697929977,1.1875348e-14
3546.7811621518017,9.7820753e-15
3548.248626373627,8.3194375e-15
3549.716090595451,8.550584300000001e-15
3551.183554817276,9.2859203e-15
3552.6510190391004,9.201479e-15
3554.1184832609256,8.750971e-15
3555.58594748275,8.5856092e-15
3557.0534117045745,8.2342595e-15
3558.5208759263996,8.3463115e-15
3559.988340148224,1.062119e-14
3561.455804370049,1.1393105e-14
3562.9232685918732,9.8304957e-15
3564.3907328136984,8.6875588e-15
3565.8581970355226,9.3445677e-15
3567.3256612573473,8.481084100000001e-15
3568.793125479172,8.3005428e-15
3570.2605897009967,9.051525e-15
3571.728053922822,8.4842098e-15
3573.195518144646,8.5029733e-15
3574.662982366471,8.9275777e-15
3576.1304465882954,8.4735483e-15
3577.5979108101205,6.6537362e-15
3579.0653750319448,7.387034300000001e-15
3580.5328392537695,1.0000439e-14
3582.0003034755946,1.0124894e-14
3583.467767697419,1.0634538e-14
3584.935231919244,1.0119362e-14
3586.402696141068,8.781454e-15
3587.8701603628933,9.4211245e-15
3589.3376245847176,1.0986018e-14
3590.8050888065427,9.7519016e-15
3592.2725530283674,8.3974725e-15
3593.7400172501916,9.6584731e-15
3595.2074814720168,1.048983e-14
3596.674945693841,8.8446426e-15
3598.142409915666,8.340701499999999e-15
3599.6098741374904,9.823182799999999e-15
3601.0773383593155,1.0443153e-14
3602.5448025811397,9.4842225e-15
3604.0122668029644,9.134469e-15
3605.4797310247895,1.1096214e-14
3606.947195246614,1.0873061e-14
3608.414659468439,1.000412e-14
3609.882123690263,1.1946923e-14
3611.3495879120883,1.1779542e-14
3612.8170521339125,1.0439184e-14
3614.2845163557377,1.2193476999999998e-14
3615.7519805775623,1.2722092e-14
3617.2194447993866,1.1880063e-14
3618.6869090212117,1.1917925e-14
3620.154373243036,1.1982005e-14
3621.621837464861,1.0095897e-14
3623.0893016866853,9.8274213e-15
3624.5567659085104,1.0812746e-14
3626.024230130335,1.1324629e-14
3627.49169435216,1.0655159e-14
3628.9591585739845,1.0139657e-14
3630.4266227958087,1.0503513e-14
3631.894087017634,1.0623901e-14
3633.361551239458,1.0213437e-14
3634.8290154612832,9.9763525e-15
3636.296479683108,1.0268033999999999e-14
3637.7639439049326,9.3560761e-15
3639.2314081267573,6.5427804e-15
3640.6988723485815,6.8115759e-15
3642.1663365704067,8.7476093e-15
3643.633800792231,8.3702552e-15
3645.101265014056,7.9980642e-15
3646.5687292358803,9.7036445e-15
3648.0361934577054,9.3832386e-15
3649.50365767953,9.6661246e-15
3650.9711219013548,8.7069041e-15
3652.4385861231794,7.6730889e-15
3653.9060503450037,9.6964264e-15
3655.373514566829,9.9118716e-15
3656.840978788653,9.7123325e-15
3658.308443010478,9.333833499999999e-15
3659.775907232303,8.906557e-15
3661.2433714541276,8.812604e-15
3662.7108356759522,8.5789138e-15
3664.178299897777,1.0134134e-14
3665.6457641196016,1.1382810000000002e-14
3667.113228341426,9.7244537e-15
3668.580692563251,9.6264827e-15
3670.0481567850757,9.6367699e-15
3671.5156210069003,1.014061e-14
3672.983085228725,1.0047239e-14
3674.4505494505497,9.6786141e-15
3675.9180136723744,1.0838518e-14
3677.3854778941986,1.1009245e-14
3678.8529421160238,1.117063e-14
3680.320406337848,1.1384981e-14
3681.787870559673,1.2118179e-14
3683.255334781498,1.334249e-14
3684.7227990033225,1.3355487999999999e-14
3686.190263225147,1.3656359e-14
3687.657727446972,1.3470023e-14
3689.1251916687966,1.2656605e-14
3690.592655890621,1.3419598e-14
3692.060120112446,1.4265019e-14
3693.5275843342706,1.3622918e-14
3694.9950485560953,1.3177533e-14
3696.46251277792,1.2229723e-14
3697.9299769997447,1.3234022999999999e-14
3699.3974412215694,1.5808573e-14
3700.864905443394,1.5451174e-14
3702.3323696652187,1.6163133e-14
3703.7998338870434,1.6020646999999998e-14
3705.267298108868,1.4776688e-14
3706.734762330693,1.5003179e-14
3708.2022265525175,1.5461431000000002e-14
3709.669690774342,1.6281782e-14
3711.137154996167,1.6648575e-14
3712.6046192179915,1.6064283e-14
3714.0720834398157,1.7039475e-14
3715.539547661641,1.8301467e-14
3717.0070118834656,1.8053148e-14
3718.4744761052903,1.6398345e-14
3719.941940327115,1.6111002e-14
3721.4094045489396,1.7007995e-14
3722.8768687707643,1.8043308e-14
3724.344332992589,2.1964945999999998e-14
3725.8117972144137,2.4031885e-14
3727.2792614362384,2.5343292000000003e-14
3728.746725658063,2.4154472e-14
3730.2141898798877,2.1554236e-14
3731.6816541017124,2.0356781e-14
3733.149118323537,1.8037024e-14
3734.616582545362,1.5763381e-14
3736.0840467671865,1.5345688e-14
3737.5515109890116,1.4320282e-14
3739.018975210836,1.360484e-14
3740.4864394326605,1.4161977e-14
3741.953903654485,1.5525436e-14
3743.42136787631,1.4450843e-14
3744.8888320981346,1.3985118999999999e-14
3746.3562963199593,1.4027923e-14
3747.823760541784,1.4058812e-14
3749.2912247636086,1.5132356e-14
3750.7586889854333,1.3445092e-14
3752.226153207258,1.2519394e-14
3753.6936174290827,1.321812e-14
3755.1610816509074,1.2674166e-14
3756.628545872732,1.157986e-14
3758.0960100945567,1.1073534e-14
3759.5634743163814,1.05509e-14
3761.0309385382066,9.906584e-15
3762.498402760031,9.8343152e-15
3763.9658669818555,1.0241495e-14
3765.43333120368,1.1650851e-14
3766.900795425505,1.0320619e-14
3768.3682596473295,8.4514123e-15
3769.835723869154,8.505792e-15
3771.3031880909793,8.9965308e-15
3772.7706523128036,9.2751139e-15
3774.2381165346287,8.3270973e-15
3775.705580756453,8.1620216e-15
3777.1730449782776,8.1155789e-15
3778.6405092001023,7.437207099999999e-15
3780.107973421927,7.0976675e-15
3781.5754376437517,7.436623e-15
3783.0429018655764,7.5481993e-15
3784.5103660874015,6.774472e-15
3785.9778303092257,6.7620933e-15
3787.4452945310504,7.6434755e-15
3788.912758752875,7.3637581e-15
3790.3802229747,6.8056619e-15
3791.8476871965245,6.3435125e-15
3793.315151418349,6.596007900000001e-15
3794.7826156401743,7.359075e-15
3796.2500798619985,7.1476078e-15
3797.7175440838237,5.4634488e-15
3799.185008305648,4.9346232e-15
3800.6524725274726,6.1470294e-15
3802.1199367492973,6.126236900000001e-15
3803.587400971122,6.2776518e-15
3805.054865192947,6.4480436e-15
3806.5223294147713,6.3743395e-15
3807.9897936365965,6.736388800000001e-15
3809.4572578584207,6.359871e-15
3810.924722080246,6.3035995e-15
3812.39218630207,6.3346738e-15
3813.8596505238947,5.6184632000000004e-15
3815.3271147457194,5.6719631e-15
3816.794578967544,5.8654553e-15
3818.2620431893693,6.3260061e-15
3819.7295074111935,6.344841100000001e-15
3821.1969716330186,6.6043012999999994e-15
3822.664435854843,6.458419600000001e-15
3824.1319000766675,5.6913859e-15
3825.599364298492,5.2457446e-15
3827.066828520317,6.3696373e-15
3828.534292742142,5.8536762e-15
3830.0017569639663,6.0059994e-15
3831.4692211857914,6.868796900000001e-15
3832.9366854076156,7.0927393e-15
3834.404149629441,6.7529875e-15
3835.871613851265,6.452617000000001e-15
3837.3390780730897,6.931737700000001e-15
3838.806542294915,7.3039943e-15
3840.274006516739,6.9850636e-15
3841.741470738564,7.450729e-15
3843.2089349603884,7.618696700000001e-15
3844.6763991822136,6.603813200000001e-15
3846.143863404038,7.3366576e-15
3847.611327625863,8.3695871e-15
3849.0787918476876,8.257336e-15
3850.546256069512,7.5968158e-15
3852.013720291337,7.657309199999999e-15
3853.481184513161,8.1563205e-15
3854.9486487349864,8.2651699e-15
3856.4161129568106,9.3095791e-15
3857.8835771786357,9.5497334e-15
3859.35104140046,8.6283314e-15
3860.8185056222846,8.8088071e-15
3862.28596984411,9.6452838e-15
3863.753434065934,1.0351577e-14
3865.220898287759,9.4088e-15
3866.6883625095834,1.0844954e-14
3868.1558267314085,1.1304055e-14
3869.6232909532328,1.1285712e-14
3871.090755175058,1.1937137e-14
3872.5582193968826,1.2212993000000002e-14
3874.025683618707,1.2996135e-14
3875.493147840532,1.3214139e-14
3876.960612062356,1.2935377e-14
3878.4280762841813,1.4231721e-14
3879.8955405060055,1.5240465e-14
3881.3630047278307,1.4640099e-14
3882.8304689496554,1.5520179e-14
3884.29793317148,1.6723464999999998e-14
3885.7653973933047,1.7945122e-14
3887.232861615129,1.9271709e-14
3888.700325836954,1.9748217e-14
3890.1677900587783,1.9440557e-14
3891.6352542806035,1.9555497e-14
3893.1027185024277,2.0257931e-14
3894.570182724253,2.0502961e-14
3896.0376469460775,2.0370295e-14
3897.5051111679018,2.0944783999999994e-14
3898.972575389727,2.2250855e-14
3900.440039611551,2.3187611e-14
3901.9075038333763,2.3040566e-14
3903.3749680552005,2.3729179e-14
3904.8424322770256,2.4189129e-14
3906.3098964988503,2.4373790999999997e-14
3907.777360720675,2.5153437e-14
3909.2448249424997,2.6104577e-14
3910.712289164324,2.4893513e-14
3912.179753386149,2.4464779e-14
3913.6472176079733,2.6187642e-14
3915.1146818297984,2.6578155e-14
3916.582146051623,2.5443883e-14
3918.049610273448,2.4697804e-14
3919.5170744952725,2.5742425999999998e-14
3920.984538717097,2.553107e-14
3922.452002938922,2.5382514e-14
3923.919467160746,2.5222921e-14
3925.386931382571,2.4372207999999998e-14
3926.8543956043954,2.4358978e-14
3928.3218598262206,2.4585762e-14
3929.7893240480453,2.490963e-14
3931.25678826987,2.4432454e-14
3932.7242524916946,2.3659739000000003e-14
3934.191716713519,2.4322298e-14
3935.659180935344,2.4186606e-14
3937.1266451571682,2.5350053e-14
3938.5941093789934,2.5765662e-14
3940.061573600818,2.5800475999999994e-14
3941.5290378226427,2.7282352e-14
3942.9965020444674,2.6634514e-14
3944.463966266292,2.5873767999999998e-14
3945.931430488117,2.5134808999999998e-14
3947.398894709941,2.5330498e-14
3948.866358931766,2.6643612e-14
3950.333823153591,2.7263126e-14
3951.8012873754155,2.677453e-14
3953.26875159724,2.6188056e-14
3954.736215819065,2.6720943e-14
3956.2036800408896,2.5875731e-14
3957.6711442627143,2.4459879e-14
3959.138608484539,2.3695884e-14
3960.606072706363,2.3827736e-14
3962.0735369281883,2.3770721e-14
3963.541001150013,2.3067350000000004e-14
3965.0084653718377,2.3709707e-14
3966.4759295936624,2.4656811e-14
3967.943393815487,2.4977255e-14
3969.4108580373118,2.4316963999999998e-14
3970.878322259136,2.4021103e-14
3972.345786480961,2.4579651e-14
3973.813250702786,2.5095592e-14
3975.2807149246105,2.5607591e-14
3976.748179146435,2.4172688e-14
3978.21564336826,2.4047573e-14
3979.6831075900845,2.4795051e-14
3981.1505718119092,2.4588132e-14
3982.618036033734,2.3745623e-14
3984.0855002555586,2.3570414e-14
3985.5529644773833,2.2473871999999998e-14
3987.020428699208,2.2442355e-14
3988.4878929210327,2.2695818e-14
3989.9553571428573,2.2023976e-14
3991.422821364682,2.201755e-14
3992.8902855865067,2.287745e-14
3994.3577498083314,2.1725829e-14
3995.825214030156,2.0885801e-14
3997.2926782519808,2.1260005999999998e-14
3998.7601424738054,2.1240217999999998e-14
4000.22760669563,2.1400847e-14
4001.695070917455,2.1822944e-14
4003.1625351392795,2.2141056e-14
4004.629999361104,2.3306062e-14
4006.097463582929,2.2696834e-14
4007.5649278047536,2.2403116e-14
4009.0323920265782,2.3192675e-14
4010.499856248403,2.3763516e-14
4011.9673204702276,2.3142257e-14
4013.4347846920523,2.3101137e-14
4014.902248913877,2.4585735999999997e-14
4016.3697131357017,2.4206722e-14
4017.837177357527,2.4581966e-14
4019.304641579351,2.5366528e-14
4020.7721058011757,2.5047742999999994e-14
4022.2395700230004,2.542722e-14
4023.707034244825,2.4473367e-14
4025.1744984666498,2.5198226e-14
4026.6419626884745,2.6382365e-14
4028.109426910299,2.5684354e-14
4029.576891132124,2.5984156e-14
4031.044355353949,2.6103839999999997e-14
4032.511819575773,2.6343849e-14
4033.979283797598,2.7110882e-14
4035.4467480194226,2.7367797e-14
4036.9142122412472,2.6799831e-14
4038.381676463072,2.6729176e-14
4039.8491406848966,2.7647011e-14
4041.3166049067218,2.7662697e-14
4042.784069128546,2.7030636999999998e-14
4044.2515333503707,2.7052276000000003e-14
4045.7189975721953,2.6337852000000003e-14
4047.18646179402,2.6603777000000003e-14
4048.6539260158447,2.7143877e-14
4050.1213902376694,2.6758456e-14
4051.5888544594945,2.5712894999999998e-14
4053.0563186813188,2.6215551e-14
4054.523782903144,2.5486914999999994e-14
4055.991247124968,2.4926021e-14
4057.458711346793,2.4597144e-14
4058.9261755686175,2.5389306999999998e-14
4060.393639790442,2.5848496e-14
4061.8611040122673,2.4981341000000003e-14
4063.3285682340916,2.459003e-14
4064.7960324559167,2.2831096999999994e-14
4066.263496677741,2.1780960999999997e-14
4067.730960899566,2.2438333e-14
4069.1984251213903,2.2971013e-14
4070.665889343215,2.2030200999999994e-14
4072.1333535650397,2.1744494e-14
4073.6008177868644,2.2316194e-14
4075.0682820086895,2.3146398000000003e-14
4076.5357462305137,2.2355752e-14
4078.003210452339,2.0712094e-14
4079.470674674163,2.1189339e-14
4080.938138895988,2.2528008999999998e-14
4082.4056031178125,2.1384697e-14
4083.873067339637,2.0134869e-14
4085.3405315614623,2.0895164e-14
4086.8079957832865,2.1007454e-14
4088.2754600051117,2.0798581e-14
4089.7429242269363,2.0487354e-14
4091.2103884487606,2.0234766e-14
4092.6778526705853,2.0324208999999998e-14
4094.1453168924104,1.9852548e-14
4095.6127811142346,1.8732358e-14
4097.080245336059,1.9475405e-14
4098.547709557884,2.1331494e-14
4100.01517377971,2.1242704e-14
4101.482638001533,2.0872498e-14
4102.950102223358,2.0770547e-14
4104.417566445183,2.0307744e-14
4105.885030667007,2.0096951e-14
4107.352494888833,1.9098272e-14
4108.819959110657,1.8821114e-14
4110.287423332482,1.9240892e-14
4111.754887554306,1.9151754e-14
4113.222351776131,1.8719363e-14
4114.6898159979555,1.8244879e-14
4116.157280219781,1.8157414e-14
4117.624744441605,1.8492082e-14
4119.09220866343,1.7804674e-14
4120.559672885255,1.6994027e-14
4122.0271371070785,1.6867888e-14
4123.494601328904,1.6299198e-14
4124.962065550729,1.6376024e-14
4126.429529772554,1.7347467e-14
4127.896993994377,1.8225056e-14
4129.364458216202,1.7661293e-14
4130.8319224380275,1.6832557e-14
4132.299386659852,1.6683977e-14
4133.766850881677,1.7096382000000002e-14
4135.234315103501,1.6654996e-14
4136.701779325326,1.6419653e-14
4138.1692435471505,1.6332268e-14
4139.636707768976,1.6411821e-14
4141.104171990801,1.53492e-14
4142.571636212624,1.4584661e-14
4144.039100434449,1.4273422e-14
4145.506564656274,1.4543056000000002e-14
4146.9740288780995,1.4937299e-14
4148.441493099923,1.4630735e-14
4149.908957321748,1.4853935e-14
4151.376421543573,1.4920499e-14
4152.843885765398,1.4732417e-14
4154.3113499872225,1.5044304e-14
4155.778814209047,1.5575228000000002e-14
4157.246278430872,1.5213869e-14
4158.713742652696,1.5119739000000002e-14
4160.181206874521,1.4936658e-14
4161.648671096345,1.4717754e-14
4163.116135318171,1.5295175e-14
4164.583599539995,1.5671486999999998e-14
4166.05106376182,1.5352218e-14
4167.518527983645,1.5241952000000002e-14
4168.985992205468,1.5092623e-14
4170.4534564272935,1.5104297e-14
4171.920920649119,1.5935847e-14
4173.388384870944,1.6245335e-14
4174.855849092768,1.563959e-14
4176.323313314592,1.5696857e-14
4177.790777536417,1.5674316e-14
4179.258241758242,1.5036333e-14
4180.725705980067,1.5476712e-14
4182.193170201891,1.5598266e-14
4183.660634423716,1.6005697999999998e-14
4185.12809864554,1.6359895e-14
4186.5955628673655,1.5308474e-14
4188.063027089191,1.4727349999999998e-14
4189.530491311015,1.5244184e-14
4190.997955532839,1.5393877e-14
4192.465419754664,1.436618e-14
4193.932883976489,1.3191348e-14
4195.400348198313,1.4612339000000002e-14
4196.867812420138,1.5286937e-14
4198.335276641963,1.5094323e-14
4199.802740863788,1.3972563e-14
4201.270205085612,1.3980341999999999e-14
4202.737669307437,1.4034261999999999e-14
4204.205133529262,1.3593028e-14
4205.672597751086,1.3900343e-14
4207.140061972911,1.3762349e-14
4208.607526194736,1.3824331e-14
4210.0749904165605,1.3859518e-14
4211.542454638385,1.3497564e-14
4213.00991886021,1.3340777e-14
4214.477383082035,1.3053173e-14
4215.944847303858,1.4173104999999999e-14
4217.412311525683,1.4342819e-14
4218.879775747509,1.3679093e-14
4220.347239969334,1.379019e-14
4221.814704191158,1.3820353999999999e-14
4223.282168412982,1.4029931e-14
4224.749632634807,1.4179002e-14
4226.217096856632,1.4236467e-14
4227.684561078457,1.4427291e-14
4229.152025300281,1.4418615e-14
4230.619489522106,1.5129486000000002e-14
4232.08695374393,1.6020170000000002e-14
4233.554417965755,1.5283322e-14
4235.021882187581,1.5102092e-14
4236.489346409405,1.5325679999999998e-14
4237.956810631229,1.609282e-14
4239.424274853054,1.5873719e-14
4240.891739074879,1.5304093e-14
4242.3592032967035,1.5651733000000002e-14
4243.826667518528,1.5943346e-14
4245.294131740353,1.5907568999999998e-14
4246.761595962178,1.7130344e-14
4248.229060184002,1.6885676e-14
4249.6965244058265,1.757708e-14
4251.163988627652,1.7328858e-14
4252.631452849476,1.6577627999999998e-14
4254.098917071301,1.6902862999999998e-14
4255.566381293126,1.7458013e-14
4257.03384551495,1.7136003e-14
4258.501309736775,1.732285e-14
4259.9687739586,1.8127301e-14
4261.436238180425,1.8027285e-14
4262.903702402249,1.797416e-14
4264.371166624073,1.754719e-14
4265.8386308458985,1.7818187e-14
4267.306095067724,1.8237005e-14
4268.773559289548,1.7834073e-14
4270.241023511372,1.7819731e-14
4271.708487733197,1.7494937e-14
4273.175951955022,1.6877747999999998e-14
4274.643416176847,1.7021984e-14
4276.110880398672,1.7403439e-14
4277.578344620496,1.6772621000000002e-14
4279.04580884232,1.6995078e-14
4280.513273064145,1.7665584000000002e-14
4281.9807372859705,1.7851964e-14
4283.448201507795,1.8482461e-14
4284.915665729619,1.8440832e-14
4286.383129951444,1.7828512e-14
4287.850594173269,1.7023515e-14
4289.318058395093,1.6919122e-14
4290.785522616918,1.7366729e-14
4292.252986838743,1.6937947e-14
4293.720451060568,1.6875849e-14
4295.187915282392,1.7331042000000002e-14
4296.655379504216,1.6559411e-14
4298.1228437260415,1.645628e-14
4299.590307947867,1.7010019999999998e-14
4301.057772169691,1.6786509999999998e-14
4302.525236391516,1.6108379e-14
4303.99270061334,1.661262e-14
4305.4601648351645,1.653416e-14
4306.92762905699,1.6288135e-14
4308.395093278815,1.6709791000000002e-14
4309.86255750064,1.7015835e-14
4311.330021722463,1.6784908000000002e-14
4312.797485944288,1.6465000000000002e-14
4314.2649501661135,1.6809514000000002e-14
4315.732414387938,1.7184456999999998e-14
4317.199878609762,1.7131822000000002e-14
4318.667342831587,1.7340311e-14
4320.134807053412,1.7017374e-14
4321.6022712752365,1.7310718e-14
4323.069735497062,1.7597394e-14
4324.537199718886,1.7653621e-14
4326.00466394071,1.7642322e-14
4327.472128162535,1.6871233e-14
4328.93959238436,1.7137363999999998e-14
4330.407056606185,1.7735029e-14
4331.874520828009,1.7844582e-14
4333.341985049834,1.7577726000000002e-14
4334.809449271659,1.7711797e-14
4336.276913493484,1.7998986e-14
4337.744377715308,2.0363104e-14
4339.211841937133,2.1287522e-14
4340.679306158958,2.0242233e-14
4342.146770380782,2.0000179e-14
4343.614234602607,1.8903518e-14
4345.081698824431,1.7623423e-14
4346.549163046257,1.7562503e-14
4348.016627268081,1.809292e-14
4349.484091489906,1.7937969e-14
4350.95155571173,1.7870592999999998e-14
4352.419019933554,1.7674427e-14
4353.88648415538,1.7884424e-14
4355.353948377205,1.8202878e-14
4356.82141259903,1.7644504e-14
4358.288876820853,1.773607e-14
4359.756341042678,1.7828565999999998e-14
4361.223805264503,1.7938219e-14
4362.691269486328,1.8278064e-14
4364.158733708153,1.8037875e-14
4365.626197929977,1.788185e-14
4367.093662151802,1.7101864e-14
4368.561126373626,1.7035414e-14
4370.0285905954515,1.7005594e-14
4371.496054817276,1.7017134e-14
4372.963519039101,1.6603495e-14
4374.430983260925,1.680528e-14
4375.89844748275,1.7745237e-14
4377.365911704575,1.7997497000000002e-14
4378.833375926399,1.7969553e-14
4380.300840148224,1.7528056000000002e-14
4381.768304370049,1.7373319e-14
4383.235768591874,1.7012937e-14
4384.7032328136975,1.6687554e-14
4386.170697035523,1.7127419e-14
4387.638161257348,1.7346017e-14
4389.105625479172,1.7218124999999998e-14
4390.573089700997,1.6805349999999998e-14
4392.040553922821,1.7475948e-14
4393.5080181446465,1.7582705e-14
4394.975482366471,1.6964287e-14
4396.442946588296,1.7065333e-14
4397.910410810121,1.6700314999999998e-14
4399.377875031944,1.7280836e-14
4400.845339253769,1.7208617e-14
4402.312803475595,1.7085893e-14
4403.78026769742,1.7271475999999998e-14
4405.247731919243,1.6194396e-14
4406.715196141068,1.6659894e-14
4408.182660362893,1.7230145e-14
4409.6501245847185,1.7034396999999998e-14
4411.117588806543,1.6343433e-14
4412.585053028367,1.6265441e-14
4414.052517250192,1.5777967e-14
4415.519981472016,1.6032989e-14
4416.987445693841,1.6127911e-14
4418.454909915666,1.5779409e-14
4419.922374137491,1.589131e-14
4421.389838359315,1.553551e-14
4422.85730258114,1.4817976e-14
4424.324766802965,1.5382407e-14
4425.792231024789,1.5042185e-14
4427.259695246614,1.5205044e-14
4428.727159468439,1.5249978e-14
4430.194623690264,1.5136327e-14
4431.662087912088,1.4941725e-14
4433.1295521339125,1.4709795e-14
4434.597016355738,1.4981694e-14
4436.064480577562,1.5578488e-14
4437.531944799387,1.4533670999999998e-14
4438.999409021211,1.4348812e-14
4440.466873243036,1.4224899e-14
4441.934337464861,1.5024797e-14
4443.401801686686,1.5377058e-14
4444.869265908511,1.4835186e-14
4446.336730130335,1.4280807e-14
4447.804194352159,1.4290961e-14
4449.2716585739845,1.414641e-14
4450.73912279581,1.3955051999999999e-14
4452.206587017633,1.3945432e-14
4453.674051239458,1.4479201e-14
4455.141515461283,1.4562027e-14
4456.608979683108,1.4989201e-14
4458.076443904933,1.4736995e-14
4459.543908126757,1.4795913999999998e-14
4461.011372348582,1.5330608e-14
4462.478836570406,1.5181652e-14
4463.946300792231,1.5085971e-14
4465.4137650140565,1.5340922e-14
4466.881229235881,1.5329394e-14
4468.348693457705,1.5309181e-14
4469.81615767953,1.4967143999999998e-14
4471.283621901355,1.5151346e-14
4472.7510861231785,1.5979521e-14
4474.218550345004,1.5700094e-14
4475.686014566829,1.5636829e-14
4477.153478788654,1.6433351000000002e-14
4478.620943010478,1.6276708e-14
4480.088407232302,1.6343848e-14
4481.555871454128,1.7202379e-14
4483.023335675953,1.722627e-14
4484.490799897777,1.7921498e-14
4485.958264119601,1.7856842e-14
4487.425728341426,1.8227108999999998e-14
4488.8931925632505,1.8469529e-14
4490.360656785076,1.8573298e-14
4491.828121006901,1.9238067e-14
4493.295585228725,1.9816796e-14
4494.763049450549,2.0111563e-14
4496.230513672374,2.0544364e-14
4497.6979778941995,2.0315294e-14
4499.165442116024,1.9972786e-14
4500.632906337848,2.1011233e-14
4502.100370559673,2.1615999e-14
4503.567834781498,2.2037077e-14
4505.0352990033225,2.3013041e-14
4506.502763225147,2.3433251e-14
4507.970227446972,2.3183112e-14
4509.437691668796,2.3414134999999998e-14
4510.905155890621,2.4372911e-14
4512.372620112446,2.4018593e-14
4513.840084334271,2.4261107e-14
4515.307548556095,2.5499933e-14
4516.77501277792,2.6621885e-14
4518.242476999745,2.6564093e-14
4519.709941221569,2.6144435000000003e-14
4521.177405443394,2.6107847999999998e-14
4522.644869665219,2.7720908999999998e-14
4524.112333887044,2.7281046e-14
4525.579798108868,2.6899829e-14
4527.047262330692,2.7932253e-14
4528.5147265525175,2.8248991999999998e-14
4529.982190774343,2.8823423e-14
4531.449654996167,2.8756435e-14
4532.917119217992,2.865772e-14
4534.384583439816,2.9084097999999995e-14
4535.85204766164,3.0279737e-14
4537.319511883466,3.0278881000000004e-14
4538.786976105291,2.9998223999999996e-14
4540.254440327115,2.996521e-14
4541.721904548939,3.0145719e-14
4543.189368770764,3.0623493e-14
4544.656832992589,3.0348191e-14
4546.124297214414,3.1908672e-14
4547.591761436238,3.1410863e-14
4549.059225658063,2.9975752999999997e-14
4550.526689879888,3.0297105000000005e-14
4551.994154101712,3.0797207e-14
4553.461618323537,3.1420832e-14
4554.929082545362,3.1763222e-14
4556.396546767187,3.1780960999999995e-14
4557.864010989011,3.1361232000000004e-14
4559.331475210836,3.1871988999999996e-14
4560.7989394326605,3.1624503e-14
4562.266403654485,3.1701472e-14
4563.73386787631,3.2262013000000003e-14
4565.201332098135,3.2171519e-14
4566.66879631996,3.2059455e-14
4568.1362605417835,3.2782016000000003e-14
4569.603724763609,3.3698044e-14
4571.071188985434,3.3390715e-14
4572.538653207258,3.2842443000000004e-14
4574.006117429082,3.3354652e-14
4575.473581650907,3.3984241000000004e-14
4576.9410458727325,3.415837e-14
4578.408510094557,3.3910217e-14
4579.875974316382,3.3683850999999996e-14
4581.343438538206,3.3254931e-14
4582.81090276003,3.3483059000000004e-14
4584.2783669818555,3.3442743e-14
4585.745831203681,3.3246145000000003e-14
4587.213295425505,3.3023345000000005e-14
4588.680759647329,3.2801895e-14
4590.148223869154,3.2897985e-14
4591.615688090979,3.2633343e-14
4593.0831523128045,3.2946309999999996e-14
4594.550616534628,3.3119988e-14
4596.018080756453,3.306699e-14
4597.485544978278,3.3610613e-14
4598.953009200102,3.3489486999999996e-14
4600.420473421927,3.3428075e-14
4601.887937643752,3.2985964e-14
4603.355401865577,3.3286245000000003e-14
4604.822866087401,3.2997673e-14
4606.290330309226,3.3034437e-14
4607.75779453105,3.3408587e-14
4609.225258752875,3.3719503999999995e-14
4610.6927229747,3.4545603e-14
4612.160187196525,3.449522e-14
4613.62765141835,3.3485608e-14
4615.095115640173,3.441051e-14
4616.5625798619985,3.5245576e-14
4618.030044083824,3.4392109e-14
4619.497508305648,3.4347386000000004e-14
4620.964972527472,3.4506404e-14
4622.432436749297,3.4025156e-14
4623.899900971122,3.4797199e-14
4625.367365192947,3.4382644e-14
4626.834829414772,3.3472415999999996e-14
4628.302293636596,3.3930776e-14
4629.769757858421,3.4401944e-14
4631.237222080245,3.4127693e-14
4632.7046863020705,3.4641361e-14
4634.172150523896,3.3811576e-14
4635.639614745719,3.3327822999999996e-14
4637.107078967544,3.3925655e-14
4638.574543189369,3.3035245e-14
4640.042007411194,3.2313928999999996e-14
4641.509471633018,3.2878276999999996e-14
4642.976935854843,3.338407e-14
4644.444400076668,3.3039162e-14
4645.911864298492,3.2281535e-14
4647.379328520317,3.2093496e-14
4648.846792742142,3.220994e-14
4650.314256963967,3.2695355e-14
4651.781721185791,3.2136141999999996e-14
4653.249185407616,3.0953224000000003e-14
4654.71664962944,3.0155511e-14
4656.184113851265,3.0436814e-14
4657.65157807309,3.0248046e-14
4659.119042294915,3.0188546e-14
4660.58650651674,3.0748184e-14
4662.053970738563,3.0741258e-14
4663.521434960388,3.0390902e-14
4664.988899182214,2.9876573e-14
4666.456363404039,2.9895298e-14
4667.923827625863,2.9916489e-14
4669.391291847687,2.979867e-14
4670.858756069512,2.9319835e-14
4672.3262202913365,2.9726748e-14
4673.793684513162,3.0144598e-14
4675.261148734986,2.9895421999999995e-14
4676.728612956811,2.9262434999999997e-14
4678.196077178635,2.9014338999999996e-14
4679.66354140046,2.9768097e-14
4681.131005622286,2.9174676e-14
4682.598469844109,2.8844509e-14
4684.065934065934,2.8470242e-14
4685.533398287759,2.7667381999999998e-14
4687.000862509584,2.7881646e-14
4688.468326731408,2.7671456e-14
4689.935790953233,2.6169367e-14
4691.403255175058,2.6101856e-14
4692.870719396882,2.6961426999999998e-14
4694.338183618707,2.5413399e-14
4695.8056478405315,2.4703293e-14
4697.273112062357,2.4909687e-14
4698.740576284181,2.4578569e-14
4700.208040506006,2.4268999e-14
4701.675504727831,2.3524728e-14
4703.142968949655,2.2975912e-14
4704.61043317148,2.3469107e-14
4706.077897393305,2.4108922e-14
4707.54536161513,2.4508433e-14
4709.012825836953,2.4298389e-14
4710.480290058778,2.4477341e-14
4711.9477542806035,2.4379293999999994e-14
4713.415218502429,2.349076e-14
4714.882682724253,2.3207996e-14
4716.350146946077,2.3715143e-14
4717.817611167902,2.3560996e-14
4719.285075389726,2.3648775e-14
4720.752539611552,2.4296687e-14
4722.220003833376,2.3638158e-14
4723.687468055201,2.3620396e-14
4725.154932277025,2.4047760999999998e-14
4726.62239649885,2.3550458e-14
4728.0898607206755,2.3095403e-14
4729.557324942499,2.3004694e-14
4731.024789164324,2.3176233999999998e-14
4732.492253386149,2.3522704e-14
4733.959717607974,2.3593929e-14
4735.427181829798,2.3371475e-14
4736.894646051623,2.3021264e-14
4738.362110273448,2.3406761e-14
4739.829574495273,2.4311509e-14
4741.297038717097,2.3986561e-14
4742.764502938921,2.4011586e-14
4744.2319671607465,2.4474831e-14
4745.699431382571,2.428972e-14
4747.166895604396,2.4352516999999997e-14
4748.634359826221,2.4479136e-14
4750.101824048045,2.4631846e-14
4751.5692882698695,2.4647985e-14
4753.036752491695,2.4834816e-14
4754.50421671352,2.4769706999999994e-14
4755.971680935343,2.4208989e-14
4757.439145157168,2.386049e-14
4758.906609378993,2.3534608e-14
4760.3740736008185,2.3988264e-14
4761.841537822643,2.3978615e-14
4763.309002044467,2.3562932e-14
4764.776466266292,2.4006183e-14
4766.243930488116,2.4217863e-14
4767.7113947099415,2.3330712e-14
4769.178858931767,2.267345e-14
4770.646323153591,2.2819721999999994e-14
4772.113787375415,2.2723501e-14
4773.58125159724,2.3025989999999997e-14
4775.048715819065,2.2712069e-14
4776.51618004089,2.2787502e-14
4777.983644262714,2.2449613e-14
4779.451108484539,2.1958337e-14
4780.918572706364,2.2660010000000003e-14
4782.386036928188,2.2417872e-14
4783.853501150013,2.1759448e-14
4785.320965371838,2.2449808e-14
4786.788429593663,2.253278e-14
4788.255893815487,2.1995776e-14
4789.723358037312,2.156692e-14
4791.190822259136,2.1012256e-14
4792.658286480961,2.1254654e-14
4794.125750702786,2.1090086e-14
4795.593214924611,2.0811002e-14
4797.060679146435,2.0149932e-14
4798.528143368259,2.024039e-14
4799.995607590085,2.0114136e-14
4801.46307181191,1.9450042e-14
4802.930536033734,1.9384893e-14
4804.398000255558,1.9180894e-14
4805.865464477383,1.9008095e-14
4807.332928699208,1.9200824e-14
4808.800392921033,1.895396e-14
4810.267857142857,1.8020203e-14
4811.735321364682,1.7182287e-14
4813.202785586507,1.7369242e-14
4814.670249808331,1.8137273e-14
4816.1377140301565,1.8285571e-14
4817.605178251981,1.8140178e-14
4819.072642473805,1.7956445e-14
4820.54010669563,1.7462485e-14
4822.007570917455,1.7232339e-14
4823.47503513928,1.7783462000000002e-14
4824.942499361104,1.736199e-14
4826.409963582929,1.8085781e-14
4827.877427804754,1.8898716e-14
4829.344892026578,1.8109815e-14
4830.8123562484025,1.7635247999999998e-14
4832.279820470228,1.7694021e-14
4833.747284692053,1.8348327e-14
4835.214748913877,1.8162382e-14
4836.682213135702,1.7795368e-14
4838.149677357526,1.9026992e-14
4839.617141579351,2.0121133e-14
4841.084605801176,2.01419e-14
4842.552070023001,1.9780014e-14
4844.019534244825,2.0042069e-14
4845.486998466649,2.0977187e-14
4846.954462688474,2.1642208e-14
4848.4219269103,2.2584052e-14
4849.889391132125,2.2876475e-14
4851.356855353948,2.3051684e-14
4852.824319575773,2.3873277e-14
4854.291783797598,2.4238303e-14
4855.759248019423,2.4640187999999994e-14
4857.226712241248,2.6883342e-14
4858.694176463072,2.9044068e-14
4860.161640684897,2.9503422e-14
4861.629104906721,3.0892282e-14
4863.096569128546,3.1281056e-14
4864.564033350371,2.9587102e-14
4866.031497572195,2.8184931e-14
4867.49896179402,2.6852464999999998e-14
4868.966426015845,2.6054404e-14
4870.43389023767,2.6021252e-14
4871.901354459494,2.6499672e-14
4873.368818681319,2.6384857e-14
4874.836282903144,2.5376396e-14
4876.303747124968,2.6051264e-14
4877.771211346792,2.7082497999999998e-14
4879.2386755686175,2.6611954999999998e-14
4880.706139790443,2.5564342e-14
4882.173604012267,2.5492849e-14
4883.641068234092,2.5540922e-14
4885.108532455916,2.5019984000000003e-14
4886.575996677741,2.5065916e-14
4888.043460899566,2.4756339e-14
4889.510925121391,2.4012651e-14
4890.978389343216,2.3936234e-14
4892.445853565039,2.4004614e-14
4893.913317786864,2.4000719e-14
4895.3807820086895,2.3079741e-14
4896.848246230515,2.1742687e-14
4898.315710452338,2.2254949e-14
4899.783174674163,2.1904285e-14
4901.250638895988,2.1741977e-14
4902.7181031178125,2.1462946e-14
4904.185567339638,2.025305e-14
4905.653031561462,2.0311224e-14
4907.120495783287,2.0168521e-14
4908.587960005111,1.9779153e-14
4910.055424226936,1.9227597999999994e-14
4911.522888448761,1.8812367e-14
4912.990352670585,1.9158674e-14
4914.45781689241,1.9175695e-14
4915.925281114235,1.8853173e-14
4917.39274533606,1.8128099e-14
4918.8602095578835,1.8123091e-14
4920.327673779709,1.8751744e-14
4921.795138001534,1.9060563e-14
4923.262602223359,1.9437895e-14
4924.730066445183,1.9077837e-14
4926.197530667007,1.9513031e-14
4927.664994888833,2.0051994e-14
4929.132459110657,2.000566e-14
4930.599923332482,2.0576303e-14
4932.067387554306,2.0493059e-14
4933.534851776131,2.0979159e-14
4935.0023159979555,2.1730759e-14
4936.469780219781,2.1614261e-14
4937.937244441606,2.1958954e-14
4939.404708663429,2.2740176e-14
4940.872172885254,2.3557750999999994e-14
4942.339637107079,2.3607166e-14
4943.8071013289045,2.3922048e-14
4945.274565550728,2.5312202e-14
4946.742029772553,2.5653512e-14
4948.209493994378,2.5182742999999998e-14
4949.676958216202,2.5367181e-14
4951.1444224380275,2.5884000999999998e-14
4952.611886659852,2.6788001e-14
4954.079350881677,2.7557060999999994e-14
4955.546815103501,2.7307731999999994e-14
4957.014279325326,2.7529762e-14
4958.481743547151,2.7923e-14
4959.949207768976,2.834825e-14
4961.4166719908,2.841701e-14
4962.884136212625,2.9007154e-14
4964.35160043445,2.989074e-14
4965.819064656273,2.9402971e-14
4967.286528878099,2.9547358e-14
4968.753993099924,2.9403836999999997e-14
4970.221457321749,3.0000036e-14
4971.688921543573,3.0649149e-14
4973.156385765397,3.0505469e-14
4974.6238499872225,3.0267138e-14
4976.091314209047,3.0227411e-14
4977.558778430872,2.9982669e-14
4979.026242652696,3.0192454e-14
4980.493706874521,3.1082911000000005e-14
4981.961171096345,3.0958931e-14
4983.428635318171,3.084693e-14
4984.896099539996,3.1437538e-14
4986.363563761819,3.1468357999999996e-14
4987.831027983644,3.1412765999999996e-14
4989.298492205469,3.1591326999999996e-14
4990.765956427294,3.1200733e-14
4992.233420649119,3.1224976e-14
4993.700884870943,3.0811999e-14
4995.168349092768,2.9844368e-14
4996.635813314593,2.9545777e-14
4998.103277536417,2.9515719e-14
4999.570741758242,3.0185499e-14
5001.038205980067,3.0306497e-14
5002.505670201891,2.977885e-14
5003.973134423716,2.9315491e-14
5005.440598645541,2.9828644e-14
5006.9080628673655,2.9555788000000003e-14
5008.37552708919,2.8905989999999996e-14
5009.842991311015,2.8823078e-14
5011.31045553284,2.7388537e-14
5012.777919754663,2.6457019e-14
5014.2453839764885,2.6783497e-14
5015.712848198314,2.6517065e-14
5017.180312420139,2.5907083e-14
5018.647776641963,2.540982e-14
5020.115240863787,2.4793805999999994e-14
5021.582705085612,2.4167719e-14
5023.050169307437,2.3826621e-14
5024.517633529262,2.3458312e-14
5025.985097751087,2.2540672000000003e-14
5027.452561972911,2.1951928e-14
5028.920026194735,2.2810426e-14
5030.3874904165605,2.2290297e-14
5031.854954638386,2.1380922999999994e-14
5033.32241886021,2.0480413e-14
5034.789883082034,1.9798607e-14
5036.257347303859,1.9676707e-14
5037.724811525684,1.8953856e-14
5039.192275747509,1.8562554e-14
5040.659739969333,1.848382e-14
5042.127204191158,1.8093356e-14
5043.594668412983,1.7703911000000002e-14
5045.062132634807,1.6565353e-14
5046.5295968566315,1.6536442e-14
5047.997061078457,1.6677008e-14
5049.464525300281,1.5743594e-14
5050.931989522106,1.5816402e-14
5052.399453743931,1.5797182000000002e-14
5053.866917965755,1.5483668e-14
5055.33438218758,1.5785404000000002e-14
5056.801846409405,1.5530715e-14
5058.26931063123,1.4813192e-14
5059.736774853054,1.4873141e-14
5061.204239074878,1.5609038e-14
5062.6717032967035,1.5527302999999998e-14
5064.139167518529,1.5429611e-14
5065.606631740353,1.5487325999999998e-14
5067.074095962177,1.568525e-14
5068.541560184002,1.5699193e-14
5070.009024405827,1.6048194e-14
5071.476488627652,1.5898008e-14
5072.943952849477,1.5552648e-14
5074.411417071301,1.6265603e-14
5075.878881293125,1.6444777e-14
5077.34634551495,1.6542324e-14
5078.8138097367755,1.6892653e-14
5080.2812739586,1.7430625e-14
5081.748738180424,1.7459639e-14
5083.216202402249,1.7864213e-14
5084.683666624074,1.8502822e-14
5086.1511308458985,1.9212739e-14
5087.618595067723,1.9347263999999998e-14
5089.086059289548,1.9847406e-14
5090.553523511373,1.9896796999999998e-14
5092.020987733197,1.9869817e-14
5093.488451955022,2.0334129e-14
5094.955916176847,2.1129410000000003e-14
5096.423380398671,2.1320124e-14
5097.890844620496,2.1935699e-14
5099.358308842321,2.2314056999999997e-14
5100.825773064145,2.2664866e-14
5102.29323728597,2.2844467e-14
5103.760701507795,2.3441558e-14
5105.22816572962,2.3530004e-14
5106.695629951445,2.3042102e-14
5108.163094173268,2.3103699999999994e-14
5109.630558395093,2.3839297e-14
5111.098022616919,2.4785905000000003e-14
5112.565486838743,2.6125224e-14
5114.032951060567,2.6282321999999998e-14
5115.500415282392,2.5330954e-14
5116.967879504217,2.6063848e-14
5118.4353437260415,2.6228235e-14
5119.902807947867,2.593821e-14
5121.370272169691,2.5781248e-14
5122.837736391515,2.5938585e-14
5124.30520061334,2.6686635e-14
5125.772664835165,2.6601796000000003e-14
5127.240129056991,2.6461148e-14
5128.707593278814,2.6969526e-14
5130.175057500639,2.6808145e-14
5131.642521722464,2.6816909e-14
5133.109985944288,2.7708092e-14
5134.577450166113,2.7339439e-14
5136.044914387938,2.7947659e-14
5137.512378609763,2.7200644e-14
5138.979842831587,2.7531064e-14
5140.447307053412,2.7745709e-14
5141.9147712752365,2.8187854e-14
5143.382235497062,2.7303615e-14
5144.849699718886,2.7655423e-14
5146.317163940711,2.7368643e-14
5147.784628162535,2.8167019e-14
5149.2520923843595,2.7487917e-14
5150.719556606185,2.7110794e-14
5152.18702082801,2.6779132e-14
5153.654485049835,2.7714569999999994e-14
5155.121949271658,2.8571608e-14
5156.589413493483,2.7934920999999998e-14
5158.0568777153085,2.8007677e-14
5159.524341937133,2.7656043e-14
5160.991806158958,2.8142078e-14
5162.459270380782,2.885313e-14
5163.926734602607,2.8824358e-14
5165.394198824431,2.7884741e-14
5166.861663046257,2.8328991000000003e-14
5168.329127268081,2.9083967e-14
5169.796591489905,2.8764164000000003e-14
5171.26405571173,2.8723470999999996e-14
5172.731519933555,2.909935e-14
5174.1989841553805,2.8944974e-14
5175.666448377204,2.9165642e-14
5177.133912599029,2.997297e-14
5178.601376820854,2.9328537e-14
5180.068841042679,2.9483953e-14
5181.5363052645025,2.9551197999999997e-14
5183.003769486328,2.9596572e-14
5184.471233708153,2.9203515e-14
5185.938697929977,2.9255673999999996e-14
5187.406162151802,2.9689407000000003e-14
5188.873626373626,2.9290686e-14
5190.3410905954515,2.9377615000000004e-14
5191.808554817276,2.917284e-14
5193.276019039101,2.9319656e-14
5194.743483260926,2.9915051e-14
5196.210947482749,2.8844237e-14
5197.6784117045745,2.8509114000000005e-14
5199.1458759264,2.8978322e-14
5200.613340148225,2.794991e-14
5202.080804370048,2.9113283000000004e-14
5203.548268591873,2.9688561e-14
5205.015732813698,2.9385021e-14
5206.483197035523,2.973448e-14
5207.950661257348,2.9650095e-14
5209.418125479172,2.9102664e-14
5210.885589700997,2.8972464e-14
5212.353053922821,3.0156586000000003e-14
5213.8205181446465,2.9808707e-14
5215.287982366472,2.8736887000000004e-14
5216.755446588296,2.9475174e-14
5218.22291081012,2.9478564e-14
5219.690375031945,2.9659173e-14
5221.15783925377,2.9447148e-14
5222.625303475594,2.9888175e-14
5224.092767697419,3.0086417e-14
5225.560231919244,2.9539824e-14
5227.027696141069,2.899404e-14
5228.495160362893,2.9224398e-14
5229.962624584718,2.9578047000000003e-14
5231.430088806543,2.9124315e-14
5232.897553028367,2.9217112e-14
5234.365017250192,2.9156094e-14
5235.832481472016,2.9378389999999997e-14
5237.299945693841,2.9671987999999997e-14
5238.767409915666,3.04109e-14
5240.234874137491,2.9951024e-14
5241.702338359316,2.9881406e-14
5243.169802581139,3.0562906e-14
5244.637266802964,3.0783243e-14
5246.1047310247895,3.0718389e-14
5247.572195246615,3.1674881e-14
5249.039659468439,3.1240213e-14
5250.507123690263,3.0908473e-14
5251.974587912088,3.1031840000000005e-14
5253.442052133913,3.0676968e-14
5254.909516355738,3.0992959e-14
5256.376980577562,3.2871261e-14
5257.844444799387,3.2420871e-14
5259.311909021211,3.1628881e-14
5260.779373243036,3.2340348e-14
5262.2468374648615,3.1388514e-14
5263.714301686686,3.1731117e-14
5265.18176590851,3.1985239999999997e-14
5266.649230130335,3.314554e-14
5268.11669435216,3.336103e-14
5269.584158573984,3.2994885e-14
5271.051622795809,3.399416e-14
5272.519087017634,3.430516e-14
5273.986551239459,3.3185825e-14
5275.454015461283,3.3437531e-14
5276.9214796831075,3.3779132e-14
5278.388943904933,3.3091948000000004e-14
5279.856408126757,3.426924e-14
5281.323872348582,3.3462117e-14
5282.791336570407,3.3352355999999997e-14
5284.258800792231,3.3106508e-14
5285.726265014056,3.3728361e-14
5287.193729235881,3.3481088e-14
5288.661193457706,3.3136213e-14
5290.12865767953,3.3359296e-14
5291.596121901354,3.3516767e-14
5293.063586123179,3.3290467e-14
5294.531050345005,3.3390461999999996e-14
5295.998514566829,3.3965755e-14
5297.465978788653,3.3705897e-14
5298.933443010478,3.3111090999999996e-14
5300.400907232303,3.281076e-14
5301.868371454128,3.3562744e-14
5303.335835675952,3.36517e-14
5304.803299897777,3.3657238e-14
5306.270764119601,3.4108517e-14
5307.738228341426,3.4101732e-14
5309.205692563251,3.3364775e-14
5310.673156785076,3.3055951999999997e-14
5312.1406210069,3.4111471e-14
5313.608085228725,3.3360858e-14
5315.07554945055,3.3257148e-14
5316.543013672374,3.3440084e-14
5318.010477894199,3.3727030999999997e-14
5319.477942116024,3.5131228000000004e-14
5320.945406337849,3.535594e-14
5322.412870559673,3.4128814e-14
5323.880334781497,3.3735919e-14
5325.3477990033225,3.4348071e-14
5326.815263225148,3.4128833e-14
5328.282727446972,3.3800461e-14
5329.750191668797,3.3312321e-14
5331.217655890621,3.3211505e-14
5332.6851201124455,3.4019615999999996e-14
5334.152584334271,3.4374542e-14
5335.620048556096,3.4182498e-14
5337.08751277792,3.3500841e-14
5338.554976999744,3.2610469000000003e-14
5340.022441221569,3.3275842999999995e-14
5341.4899054433945,3.3101006e-14
5342.957369665219,3.3316598000000004e-14
5344.424833887043,3.3329501e-14
5345.892298108868,3.3157873000000005e-14
5347.359762330693,3.3837984e-14
5348.8272265525175,3.4124528999999996e-14
5350.294690774343,3.3926606e-14
5351.762154996167,3.3474538e-14
5353.229619217991,3.3584516e-14
5354.697083439816,3.4107113e-14
5356.164547661641,3.3944209e-14
5357.632011883466,3.4136071e-14
5359.09947610529,3.4145513e-14
5360.566940327115,3.4282898999999996e-14
5362.03440454894,3.4624331000000004e-14
5363.501868770765,3.4156692e-14
5364.9693329925885,3.4308825e-14
5366.436797214414,3.4158902000000005e-14
5367.904261436239,3.37728e-14
5369.371725658063,3.3830178e-14
5370.839189879887,3.4449713e-14
5372.306654101712,3.4585757e-14
5373.774118323538,3.5115967e-14
5375.241582545362,3.5958936e-14
5376.709046767187,3.5207622e-14
5378.176510989011,3.4938383e-14
5379.643975210835,3.5334725e-14
5381.1114394326605,3.5122166e-14
5382.578903654486,3.5372055e-14
5384.046367876311,3.5924175e-14
5385.513832098134,3.5010697999999995e-14
5386.981296319959,3.4381967e-14
5388.448760541784,3.455548e-14
5389.916224763609,3.4457712e-14
5391.383688985433,3.4341159e-14
5392.851153207258,3.4646719e-14
5394.318617429083,3.4205015e-14
5395.786081650907,3.4379609e-14
5397.2535458727325,3.3924663e-14
5398.721010094557,3.3614774e-14
5400.188474316382,3.4382818e-14
5401.655938538206,3.4118575999999995e-14
5403.123402760031,3.2955852e-14
5404.5908669818555,3.2159374e-14
5406.05833120368,3.2103081000000004e-14
5407.525795425505,3.2206724e-14
5408.99325964733,3.2162962e-14
5410.460723869155,3.1663108e-14
5411.928188090978,3.1002869999999995e-14
5413.395652312804,3.0675685e-14
5414.863116534629,3.0609430999999997e-14
5416.330580756453,3.0534155e-14
5417.798044978278,3.0281205e-14
5419.265509200102,3.0112364e-14
5420.732973421927,2.9944682e-14
5422.200437643752,2.9574816e-14
5423.667901865577,2.9082122e-14
5425.135366087401,2.8604269e-14
5426.602830309225,2.7953496e-14
5428.07029453105,2.8364093e-14
5429.537758752876,2.8684874e-14
5431.005222974701,2.8205323e-14
5432.472687196524,2.8246677e-14
5433.940151418349,2.7734594e-14
5435.407615640174,2.8009942e-14
5436.875079861999,2.7963426e-14
5438.342544083823,2.7363409999999998e-14
5439.810008305648,2.7051487e-14
5441.277472527473,2.7084606e-14
5442.744936749297,2.7410152e-14
5444.212400971122,2.7571414e-14
5445.679865192947,2.687742e-14
5447.147329414772,2.6892254e-14
5448.614793636596,2.6776168e-14
5450.082257858421,2.7826985999999997e-14
5451.549722080246,2.7046676e-14
5453.01718630207,2.731221e-14
5454.484650523895,2.8073820999999994e-14
5455.95211474572,2.8959446e-14
5457.419578967545,2.9442748999999996e-14
5458.887043189368,2.9424410000000004e-14
5460.3545074111935,3.0316699e-14
5461.821971633019,2.9976881e-14
5463.289435854843,3.0421388e-14
5464.756900076668,3.0787110000000003e-14
5466.224364298492,3.0851455e-14
5467.691828520317,3.1600697e-14
5469.159292742142,3.3145647e-14
5470.626756963967,3.3749224999999996e-14
5472.094221185791,3.3012381e-14
5473.561685407616,3.3445237e-14
5475.02914962944,3.4535141e-14
5476.4966138512655,3.4764228e-14
5477.964078073091,3.5193985e-14
5479.431542294914,3.5666819e-14
5480.899006516739,3.5034397e-14
5482.366470738564,3.5942819e-14
5483.833934960389,3.7618337e-14
5485.301399182214,3.8009522e-14
5486.768863404038,3.8813195e-14
5488.236327625863,3.9546025e-14
5489.703791847687,3.8846273e-14
5491.171256069512,3.9082452999999996e-14
5492.6387202913365,4.0070062e-14
5494.106184513162,4.1107359e-14
5495.573648734986,4.2613921e-14
5497.041112956811,4.2543110999999996e-14
5498.508577178636,4.2097907e-14
5499.9760414004595,4.289588e-14
5501.443505622285,4.3541994e-14
5502.91096984411,4.3422179e-14
5504.378434065935,4.3634534e-14
5505.845898287758,4.3023286e-14
5507.313362509583,4.402595e-14
5508.7808267314085,4.4392543e-14
5510.248290953234,4.3606062000000005e-14
5511.715755175058,4.41469e-14
5513.183219396882,4.4215493e-14
5514.650683618707,4.3058380999999996e-14
5516.1181478405315,4.3392549e-14
5517.585612062357,4.3719978e-14
5519.053076284182,4.3143473e-14
5520.520540506006,4.289809199999999e-14
5521.98800472783,4.2893977e-14
5523.455468949655,4.152025199999999e-14
5524.9229331714805,4.1298022e-14
5526.390397393304,4.0244412e-14
5527.857861615129,4.1467857e-14
5529.325325836954,4.1635342e-14
5530.792790058779,4.1401644e-14
5532.2602542806035,4.119534e-14
5533.727718502428,4.0528955e-14
5535.195182724253,4.0204864e-14
5536.662646946077,3.9650397e-14
5538.130111167902,4.02672e-14
5539.597575389726,3.9928715e-14
5541.065039611552,3.9226294e-14
5542.532503833376,3.8515266999999997e-14
5543.999968055201,3.8163438e-14
5545.467432277026,3.7493119e-14
5546.93489649885,3.739749e-14
5548.402360720675,3.6501455e-14
5549.8698249425,3.6160593e-14
5551.337289164325,3.5055029e-14
5552.804753386149,3.4600363e-14
5554.272217607973,3.4069798e-14
5555.739681829798,3.290396e-14
5557.207146051624,3.2110953e-14
5558.674610273448,3.1478651000000005e-14
5560.142074495272,3.0874784e-14
5561.609538717097,3.0290504e-14
5563.077002938921,2.9324872e-14
5564.5444671607465,2.9217305e-14
5566.011931382572,2.8743331e-14
5567.479395604396,2.9166145000000003e-14
5568.94685982622,2.883095e-14
5570.414324048045,2.8959355e-14
5571.88178826987,2.761003e-14
5573.349252491694,2.6649303e-14
5574.816716713519,2.6780651e-14
5576.284180935344,2.6956734999999994e-14
5577.751645157169,2.6801705e-14
5579.219109378993,2.6693594e-14
5580.686573600818,2.577049e-14
5582.154037822643,2.5861168e-14
5583.621502044468,2.6114957e-14
5585.088966266292,2.6229770000000003e-14
5586.556430488117,2.605751e-14
5588.0238947099415,2.5949137000000003e-14
5589.491358931766,2.6141737e-14
5590.958823153591,2.585531e-14
5592.426287375416,2.5805519e-14
5593.89375159724,2.6459768e-14
5595.3612158190645,2.6692084999999998e-14
5596.82868004089,2.6428108e-14
5598.296144262715,2.6221831e-14
5599.763608484539,2.6416868999999998e-14
5601.231072706363,2.6939763999999998e-14
5602.698536928188,2.6655812e-14
5604.1660011500135,2.6365463999999998e-14
5605.633465371838,2.6088469e-14
5607.100929593662,2.7138219e-14
5608.568393815487,2.7420998e-14
5610.035858037311,2.6914272e-14
5611.503322259136,2.6967134e-14
5612.970786480962,2.6975601e-14
5614.438250702786,2.7619705e-14
5615.90571492461,2.7563357000000003e-14
5617.373179146435,2.7405697999999998e-14
5618.84064336826,2.8121363999999998e-14
5620.3081075900855,2.8323576e-14
5621.775571811909,2.8204094999999994e-14
5623.243036033734,2.8279556999999998e-14
5624.710500255559,2.8902328e-14
5626.177964477383,2.8913701e-14
5627.6454286992075,2.8322954e-14
5629.112892921033,2.8282647e-14
5630.580357142858,2.8120794e-14
5632.047821364682,2.7760785e-14
5633.515285586507,2.8018541e-14
5634.982749808331,2.8173102999999998e-14
5636.450214030156,2.8092077e-14
5637.917678251981,2.8176280999999994e-14
5639.385142473806,2.7168342999999998e-14
5640.852606695631,2.6920822e-14
5642.320070917454,2.773869e-14
5643.7875351392795,2.8018677e-14
5645.254999361105,2.8034587e-14
5646.722463582929,2.7428584e-14
5648.189927804753,2.7412126e-14
5649.657392026578,2.7285141999999994e-14
5651.124856248403,2.6437132e-14
5652.592320470228,2.6293871e-14
5654.059784692053,2.5937438e-14
5655.527248913877,2.511034e-14
5656.994713135702,2.446805e-14
5658.462177357526,2.4178984e-14
5659.9296415793515,2.3801019e-14
5661.397105801176,2.3584464e-14
5662.864570023,2.3153234e-14
5664.332034244825,2.2595875e-14
5665.79949846665,2.2828915e-14
5667.266962688475,2.1898763e-14
5668.734426910299,2.1329086e-14
5670.201891132124,2.0526887999999994e-14
5671.669355353949,2.001255e-14
5673.136819575773,1.9671761999999998e-14
5674.604283797598,1.9195102e-14
5676.071748019423,1.8611969e-14
5677.539212241248,1.8086236e-14
5679.006676463072,1.8483379e-14
5680.474140684897,1.7676282e-14
5681.941604906721,1.6392621999999998e-14
5683.4090691285455,1.6316313e-14
5684.876533350371,1.5790704e-14
5686.343997572196,1.5211809999999998e-14
5687.811461794021,1.4888330999999998e-14
5689.278926015844,1.4266652e-14
5690.746390237669,1.3554782e-14
5692.2138544594945,1.2961107e-14
5693.68131868132,1.331139e-14
5695.148782903143,1.2666739e-14
5696.616247124968,1.2180259e-14
5698.083711346793,1.2076963999999998e-14
5699.5511755686175,1.1445622e-14
5701.018639790443,1.1126491e-14
5702.486104012267,1.0973546999999998e-14
5703.953568234092,1.0689117e-14
5705.421032455916,1.0442334e-14
5706.888496677741,9.8388875e-15
5708.3559608995665,9.2665857e-15
5709.82342512139,9.3889117e-15
5711.290889343215,9.3985003e-15
5712.75835356504,8.9185083e-15
5714.225817786865,8.8936502e-15
5715.693282008689,8.826251e-15
5717.160746230514,8.4451354e-15
5718.628210452339,8.4362298e-15
5720.095674674163,8.139888e-15
5721.563138895988,8.0495167e-15
5723.0306031178125,8.1672913e-15
5724.498067339638,7.9071826e-15
5725.965531561462,8.1187904e-15
5727.432995783287,8.1810236e-15
5728.900460005111,8.0214053e-15
5730.367924226936,7.9619831e-15
5731.835388448761,8.2590175e-15
5733.302852670586,7.903700500000001e-15
5734.770316892411,7.8610736e-15
5736.237781114234,8.1165195e-15
5737.705245336059,8.2966113e-15
5739.172709557884,8.3212823e-15
5740.64017377971,8.293938e-15
5742.107638001534,8.7094378e-15
5743.575102223358,8.7596577e-15
5745.042566445183,8.520267e-15
5746.510030667007,8.7155443e-15
5747.977494888833,8.884059199999999e-15
5749.444959110657,8.865252099999999e-15
5750.912423332482,8.8122648e-15
5752.379887554306,9.0309751e-15
5753.847351776131,9.2726171e-15
5755.314815997956,9.1885799e-15
5756.78228021978,9.6973813e-15
5758.249744441605,9.4935429e-15
5759.71720866343,9.8639494e-15
5761.184672885255,9.6326154e-15
5762.6521371070785,1.0521346e-14
5764.119601328904,1.038113e-14
5765.587065550729,1.0637892e-14
5767.054529772554,1.0559e-14
5768.521993994378,1.055059e-14
5769.989458216202,1.0792401e-14
5771.4569224380275,1.0961566e-14
5772.924386659852,1.1138895e-14
5774.391850881677,1.1235938e-14
5775.859315103502,1.1584557e-14
5777.326779325326,1.1991304e-14
5778.7942435471505,1.2288835e-14
5780.261707768976,1.2646729e-14
5781.729171990801,1.2027007e-14
5783.196636212624,1.2498794e-14
5784.664100434449,1.3120757e-14
5786.131564656274,1.3217024e-14
5787.5990288780995,1.4008465e-14
5789.066493099924,1.353822e-14
5790.533957321748,1.3810556e-14
5792.001421543573,1.4290259000000002e-14
5793.468885765397,1.4849734999999998e-14
5794.9363499872225,1.5246093999999998e-14
5796.403814209047,1.5717484e-14
5797.871278430872,1.6036682e-14
5799.338742652696,1.6591982e-14
5800.806206874521,1.7135047000000002e-14
5802.273671096346,1.7520479e-14
5803.741135318171,1.7332314e-14
5805.208599539995,1.7871033e-14
5806.67606376182,1.8602677999999998e-14
5808.143527983645,1.9034682999999998e-14
5809.610992205469,1.9529039e-14
5811.0784564272935,2.0373385e-14
5812.545920649119,2.0968223e-14
5814.013384870944,2.1503437e-14
5815.480849092768,2.1446855e-14
5816.948313314592,2.1917868e-14
5818.415777536417,2.3079630999999998e-14
5819.883241758242,2.3008263e-14
5821.350705980067,2.3033559e-14
5822.818170201892,2.3801739e-14
5824.285634423716,2.3947729999999997e-14
5825.75309864554,2.4183991e-14
5827.2205628673655,2.4780327999999994e-14
5828.688027089191,2.5040965000000003e-14
5830.155491311014,2.5663073e-14
5831.622955532839,2.5876276e-14
5833.090419754664,2.6557149999999998e-14
5834.557883976489,2.7336485e-14
5836.025348198314,2.7475955e-14
5837.492812420138,2.7541601999999994e-14
5838.960276641963,2.7759645e-14
5840.427740863788,2.7959806999999998e-14
5841.895205085612,2.8590617e-14
5843.3626693074375,2.9165494e-14
5844.830133529262,2.9463365e-14
5846.297597751086,2.9482856e-14
5847.765061972911,2.9483817e-14
5849.232526194736,2.9665048e-14
5850.6999904165605,2.9928498000000004e-14
5852.167454638385,3.0164971e-14
5853.63491886021,3.0275111e-14
5855.102383082035,3.0464606e-14
5856.569847303859,3.0645108e-14
5858.037311525683,3.1037005999999996e-14
5859.504775747509,3.1221108e-14
5860.972239969334,3.1244602e-14
5862.439704191158,3.1693108e-14
5863.907168412982,3.1867983e-14
5865.374632634807,3.2111366e-14
5866.8420968566315,3.2463067e-14
5868.309561078457,3.2365111999999995e-14
5869.777025300282,3.2552878999999997e-14
5871.244489522106,3.2883968e-14
5872.71195374393,3.3244821999999995e-14
5874.179417965755,3.347482e-14
5875.646882187581,3.2927005e-14
5877.114346409406,3.2131283e-14
5878.581810631229,3.2142866e-14
5880.049274853054,3.1701643e-14
5881.516739074879,3.131428e-14
5882.9842032967035,3.1672549e-14
5884.451667518528,3.1602893e-14
5885.919131740353,3.1416578e-14
5887.386595962178,3.1167455e-14
5888.854060184002,3.1043734999999996e-14
5890.321524405827,3.1294591e-14
5891.788988627652,3.1402321e-14
5893.256452849476,3.2494338e-14
5894.723917071301,3.2563171e-14
5896.191381293126,3.2507830000000004e-14
5897.65884551495,3.3026636e-14
5899.126309736775,3.3404548e-14
5900.5937739586,3.3546301999999997e-14
5902.061238180425,3.2634966e-14
5903.528702402249,3.2463703000000004e-14
5904.996166624073,3.3537836e-14
5906.4636308458985,3.2850866e-14
5907.931095067724,3.2647257e-14
5909.398559289548,3.2546293999999996e-14
5910.866023511373,3.2276795e-14
5912.333487733197,3.2606835e-14
5913.800951955022,3.2952292e-14
5915.268416176847,3.336396e-14
5916.735880398672,3.2634379999999996e-14
5918.203344620496,3.2247164e-14
5919.67080884232,3.3028615e-14
5921.138273064145,3.2564509e-14
5922.6057372859705,3.2658875e-14
5924.073201507796,3.3431065e-14
5925.540665729619,3.2782516e-14
5927.008129951444,3.2221142999999997e-14
5928.475594173269,3.2251368e-14
5929.943058395093,3.2156851e-14
5931.410522616918,3.1620286e-14
5932.877986838743,3.1914921e-14
5934.345451060568,3.2284613000000005e-14
5935.812915282392,3.1872177e-14
5937.280379504217,3.2593133e-14
5938.7478437260415,3.2275701e-14
5940.215307947866,3.1514573e-14
5941.682772169691,3.1095448e-14
5943.150236391516,3.1658373000000004e-14
5944.617700613341,3.1904745e-14
5946.0851648351645,3.2156682e-14
5947.55262905699,3.0976722e-14
5949.020093278815,3.1812293999999996e-14
5950.48755750064,3.2215705e-14
5951.955021722463,3.1774802e-14
5953.422485944288,3.1219752e-14
5954.8899501661135,3.1067052e-14
5956.357414387938,3.2338824e-14
5957.824878609763,3.1766553e-14
5959.292342831587,3.2069192e-14
5960.759807053412,3.1549799e-14
5962.2272712752365,3.1518476e-14
5963.694735497062,3.1735733000000004e-14
5965.162199718886,3.147557e-14
5966.62966394071,3.156497e-14
5968.097128162535,3.140877e-14
5969.56459238436,3.1496255e-14
5971.0320566061855,3.1529105e-14
5972.499520828009,3.1637802e-14
5973.966985049834,3.0669258e-14
5975.434449271659,3.0332434e-14
5976.901913493483,3.0499775e-14
5978.3693777153085,3.1105494e-14
5979.836841937133,3.0597384e-14
5981.304306158958,3.1333923000000004e-14
5982.771770380782,3.062763e-14
5984.239234602607,3.0364127e-14
5985.706698824431,3.0690072e-14
5987.174163046257,3.0794873e-14
5988.641627268081,3.0642021e-14
5990.109091489906,3.0550725e-14
5991.576555711731,3.0264928000000004e-14
5993.044019933554,3.0215349e-14
5994.51148415538,2.9698272000000004e-14
5995.978948377205,2.980814e-14
5997.44641259903,2.9683521e-14
5998.913876820853,2.878556e-14
6000.381341042678,2.9580297e-14
6001.848805264503,2.9196172e-14
6003.316269486328,2.8750572e-14
6004.783733708153,2.9406176e-14
6006.251197929977,2.8777173e-14
6007.718662151802,2.8482997e-14
6009.186126373626,2.8219316e-14
6010.6535905954515,2.839725e-14
6012.121054817277,2.8360004e-14
6013.5885190391,2.7887261e-14
6015.055983260925,2.7864842e-14
6016.52344748275,2.7569944999999997e-14
6017.990911704575,2.7563469e-14
6019.458375926399,2.6967637999999997e-14
6020.925840148224,2.7456467e-14
6022.393304370049,2.7503934e-14
6023.860768591874,2.6848176e-14
6025.328232813698,2.7220736e-14
6026.795697035523,2.7076349e-14
6028.263161257348,2.6812935000000003e-14
6029.730625479172,2.7634535e-14
6031.198089700997,2.7638831e-14
6032.665553922821,2.6586008e-14
6034.1330181446465,2.6576556999999994e-14
6035.600482366471,2.6223762e-14
6037.067946588296,2.6368225e-14
6038.535410810121,2.7058806e-14
6040.002875031944,2.6802313e-14
6041.470339253769,2.6402149e-14
6042.937803475595,2.6188929e-14
6044.40526769742,2.6342404e-14
6045.872731919244,2.5869329e-14
6047.340196141068,2.516916e-14
6048.807660362893,2.5346441e-14
6050.275124584718,2.5313673e-14
6051.742588806543,2.4822855e-14
6053.210053028367,2.43297e-14
6054.677517250192,2.4534667e-14
6056.144981472016,2.4998909999999998e-14
6057.612445693841,2.3936855999999998e-14
6059.079909915667,2.4147487e-14
6060.547374137491,2.4595995e-14
6062.014838359315,2.3999704999999998e-14
6063.48230258114,2.3857732e-14
6064.949766802965,2.3970826e-14
6066.4172310247895,2.4515498e-14
6067.884695246614,2.3875432e-14
6069.352159468439,2.3798552e-14
6070.819623690264,2.430985e-14
6072.287087912088,2.4255481e-14
6073.7545521339125,2.4083624e-14
6075.222016355738,2.4041317e-14
6076.689480577562,2.3903043e-14
6078.156944799387,2.3847001e-14
6079.624409021212,2.4270067e-14
6081.091873243036,2.3973083e-14
6082.559337464861,2.4706473e-14
6084.026801686686,2.4797523e-14
6085.494265908511,2.4693182e-14
6086.961730130334,2.5371733e-14
6088.429194352159,2.5692294e-14
6089.8966585739845,2.4876513e-14
6091.36412279581,2.4534085e-14
6092.831587017634,2.5430565e-14
6094.299051239458,2.5675144e-14
6095.766515461283,2.5684528000000003e-14
6097.233979683108,2.6030959999999998e-14
6098.701443904933,2.6351689999999998e-14
6100.168908126758,2.5896716e-14
6101.636372348582,2.6171689e-14
6103.103836570406,2.6066542e-14
6104.571300792231,2.5480754e-14
6106.0387650140565,2.5741634e-14
6107.506229235881,2.5800514e-14
6108.973693457705,2.6664937e-14
6110.44115767953,2.6754951e-14
6111.908621901355,2.7592865999999994e-14
6113.376086123179,2.6915263999999998e-14
6114.843550345004,2.6231523000000003e-14
6116.311014566829,2.6488364e-14
6117.778478788654,2.573194e-14
6119.245943010478,2.6153178e-14
6120.713407232302,2.6568103e-14
6122.180871454128,2.6388469e-14
6123.648335675952,2.7115932e-14
6125.115799897777,2.6527669e-14
6126.583264119602,2.54073e-14
6128.050728341426,2.6318328000000003e-14
6129.5181925632505,2.6051631e-14
6130.985656785076,2.6001062e-14
6132.453121006901,2.6601114e-14
6133.920585228726,2.6577313e-14
6135.388049450549,2.5714641e-14
6136.855513672374,2.5705547e-14
6138.3229778941995,2.6001883e-14
6139.790442116024,2.639523e-14
6141.257906337848,2.5276699e-14
6142.725370559673,2.477936e-14
6144.192834781498,2.4695923e-14
6145.6602990033225,2.5010858e-14
6147.127763225148,2.5107706e-14
6148.595227446972,2.518616e-14
6150.062691668796,2.5784659e-14
6151.530155890621,2.5352313999999994e-14
6152.997620112446,2.5861449e-14
6154.465084334271,2.5270495e-14
6155.932548556095,2.5387633e-14
6157.40001277792,2.6416368e-14
6158.867476999745,2.6692784e-14
6160.334941221569,2.6955407e-14
6161.802405443394,2.7593440999999998e-14
6163.269869665219,2.7210059e-14
6164.737333887044,2.7069702e-14
6166.204798108868,2.7595248e-14
6167.672262330693,2.8103734999999998e-14
6169.1397265525175,2.819195e-14
6170.607190774343,2.9183238e-14
6172.074654996167,2.8927648000000003e-14
6173.542119217992,2.944874e-14
6175.009583439816,2.9404013e-14
6176.47704766164,2.9447577e-14
6177.944511883466,3.0329628e-14
6179.411976105291,3.0967202e-14
6180.879440327116,3.0966504000000004e-14
6182.346904548939,3.1477754e-14
6183.814368770764,3.1789336e-14
6185.281832992589,3.2024059e-14
6186.749297214414,3.2225663999999997e-14
6188.216761436238,3.3241603e-14
6189.684225658063,3.2800729e-14
6191.151689879888,3.3398683e-14
6192.619154101712,3.3991221999999997e-14
6194.086618323538,3.5035288000000004e-14
6195.554082545362,3.568819e-14
6197.021546767186,3.6326032e-14
6198.489010989011,3.6879612999999997e-14
6199.956475210836,3.7604804e-14
6201.423939432661,3.7989659e-14
6202.891403654485,3.9437032e-14
6204.35886787631,3.9882288e-14
6205.826332098135,4.009294999999999e-14
6207.29379631996,4.0405397e-14
6208.7612605417835,4.0450549e-14
6210.228724763609,4.0506501e-14
6211.696188985434,4.1665373e-14
6213.163653207258,4.1536083e-14
6214.631117429083,4.1688976000000005e-14
6216.098581650907,4.1489964e-14
6217.5660458727325,4.1322284e-14
6219.033510094557,4.2473574e-14
6220.500974316382,4.2421303e-14
6221.968438538206,4.2898521e-14
6223.43590276003,4.3115997000000005e-14
6224.9033669818555,4.2545666999999997e-14
6226.370831203681,4.2946948999999996e-14
6227.838295425506,4.3826475e-14
6229.305759647329,4.3645372e-14
6230.773223869154,4.343720399999999e-14
6232.240688090979,4.3765965e-14
6233.708152312804,4.3277353999999996e-14
6235.175616534629,4.3766646e-14
6236.643080756453,4.3815407999999997e-14
6238.110544978278,4.3969188e-14
6239.578009200102,4.4395146e-14
6241.045473421927,4.4717979e-14
6242.512937643752,4.3910154999999997e-14
6243.980401865577,4.3815122e-14
6245.447866087401,4.4656439e-14
6246.915330309226,4.4966316e-14
6248.382794531051,4.529369799999999e-14
6249.850258752875,4.5614047e-14
6251.3177229747,4.4840908e-14
6252.785187196525,4.6121249000000005e-14
6254.25265141835,4.749104e-14
6255.720115640173,4.6685853e-14
6257.1875798619985,4.6395879000000007e-14
6258.655044083824,4.6536093000000006e-14
6260.122508305648,4.6235337e-14
6261.589972527473,4.6164465000000006e-14
6263.057436749297,4.6612477e-14
6264.524900971122,4.6357155e-14
6265.992365192947,4.6026764e-14
6267.459829414772,4.6101589e-14
6268.927293636597,4.5080829e-14
6270.39475785842,4.4100957e-14
6271.862222080245,4.4383621e-14
6273.3296863020705,4.472779799999999e-14
6274.797150523896,4.4970422e-14
6276.264614745719,4.5055518e-14
6277.732078967544,4.454083e-14
6279.199543189369,4.4396567e-14
6280.667007411194,4.437637299999999e-14
6282.134471633019,4.2918415e-14
6283.601935854843,4.2491722e-14
6285.069400076668,4.2632766e-14
6286.536864298492,4.3246941999999994e-14
6288.004328520317,4.382583099999999e-14
6289.471792742142,4.3335671e-14
6290.939256963967,4.2527375e-14
6292.406721185791,4.2539868e-14
6293.874185407616,4.3804015999999997e-14
6295.341649629441,4.4223361e-14
6296.809113851265,4.3714757000000006e-14
6298.27657807309,4.3824983e-14
6299.744042294915,4.286406e-14
6301.21150651674,4.2535052e-14
6302.678970738564,4.2033806e-14
6304.146434960388,4.2385758999999997e-14
6305.613899182214,4.2361093e-14
6307.081363404038,4.1377582999999996e-14
6308.548827625863,4.2258229e-14
6310.016291847687,4.1518521e-14
6311.483756069512,4.1525702000000005e-14
6312.9512202913365,4.1742735e-14
6314.418684513162,4.1941175e-14
6315.886148734987,4.1343374e-14
6317.353612956811,4.027843e-14
6318.821077178635,4.0971165e-14
6320.28854140046,4.0979972e-14
6321.756005622286,4.0512252e-14
6323.223469844109,4.0753417e-14
6324.690934065934,3.9548595e-14
6326.158398287759,3.8661146e-14
6327.625862509584,3.9137274999999996e-14
6329.0933267314085,3.9092782000000005e-14
6330.560790953233,3.8870738e-14
6332.028255175058,3.7588525e-14
6333.495719396882,3.7826037e-14
6334.963183618707,3.7617967e-14
6336.430647840532,3.7477913e-14
6337.898112062357,3.7228763e-14
6339.365576284181,3.4968889e-14
6340.833040506006,3.5958836e-14
6342.300504727831,3.5877056e-14
6343.7679689496545,3.5482912e-14
6345.23543317148,3.5811946e-14
6346.702897393305,3.4682853e-14
6348.17036161513,3.4975850999999996e-14
6349.637825836954,3.4690869e-14
6351.105290058778,3.488759e-14
6352.5727542806035,3.4534721e-14
6354.040218502429,3.3993261e-14
6355.507682724253,3.4610707999999996e-14
6356.975146946077,3.3852956e-14
6358.442611167902,3.2768688e-14
6359.910075389726,3.2909714999999996e-14
6361.377539611552,3.2857234000000004e-14
6362.845003833377,3.3069162e-14
6364.312468055201,3.2056921e-14
6365.779932277025,3.1989903e-14
6367.24739649885,3.233603e-14
6368.7148607206755,3.1983411e-14
6370.1823249425,3.1346495e-14
6371.649789164324,3.1783123e-14
6373.117253386149,3.263057e-14
6374.584717607974,3.2302523e-14
6376.052181829798,3.2082419e-14
6377.519646051623,3.2221274000000005e-14
6378.987110273448,3.2216899e-14
6380.454574495272,3.2636585e-14
6381.922038717097,3.1903634e-14
6383.389502938922,3.2171681e-14
6384.8569671607465,3.2365954e-14
6386.324431382571,3.1607761e-14
6387.791895604396,3.1807098e-14
6389.259359826221,3.1813715e-14
6390.726824048045,3.1571879e-14
6392.1942882698695,3.1444697e-14
6393.661752491695,3.1398009999999996e-14
6395.12921671352,3.1532063e-14
6396.596680935344,3.1441480999999995e-14
6398.064145157168,3.2192326000000004e-14
6399.531609378993,3.1374846e-14
6400.9990736008185,3.1574697e-14
6402.466537822643,3.1144302e-14
6403.934002044468,3.0921814e-14
6405.401466266292,3.1090524e-14
6406.868930488116,3.1071351e-14
6408.3363947099415,3.126538e-14
6409.803858931767,3.092716e-14
6411.271323153591,3.1337228e-14
6412.738787375415,3.1297383e-14
6414.20625159724,3.0970471e-14
6415.673715819065,3.0263758e-14
6417.14118004089,3.0408750000000004e-14
6418.608644262714,3.1242471e-14
6420.076108484539,3.1576223e-14
6421.543572706364,3.1211545e-14
6423.011036928188,3.1090095e-14
6424.478501150013,3.110363e-14
6425.945965371838,3.1291921e-14
6427.413429593663,3.142693e-14
6428.880893815487,3.1207147e-14
6430.348358037312,3.1359112e-14
6431.815822259136,3.2090678e-14
6433.283286480961,3.2651315e-14
6434.750750702786,3.2210724000000005e-14
6436.218214924611,3.1421735000000003e-14
6437.685679146436,3.1832707e-14
6439.153143368259,3.2202339e-14
6440.620607590085,3.2429996e-14
6442.08807181191,3.2791936000000003e-14
6443.555536033734,3.240952e-14
6445.023000255558,3.1754012e-14
6446.490464477383,3.2327990999999995e-14
6447.957928699208,3.2594221e-14
6449.425392921033,3.2877419e-14
6450.892857142858,3.3361557e-14
6452.360321364682,3.2915394e-14
6453.827785586506,3.2277277e-14
6455.295249808331,3.2869079e-14
6456.7627140301565,3.3012686000000005e-14
6458.230178251982,3.2577367e-14
6459.697642473805,3.260112e-14
6461.16510669563,3.2806005e-14
6462.632570917455,3.2670214e-14
6464.10003513928,3.2327025e-14
6465.567499361104,3.2689357e-14
6467.034963582929,3.2979789e-14
6468.502427804754,3.2705142e-14
6469.969892026578,3.2588111999999996e-14
6471.437356248403,3.2427931e-14
6472.904820470228,3.1892116e-14
6474.372284692053,3.2044191e-14
6475.839748913877,3.1915681e-14
6477.307213135702,3.2181191e-14
6478.774677357526,3.2451545999999996e-14
6480.242141579351,3.1699896e-14
6481.709605801176,3.1989532e-14
6483.177070023001,3.183291e-14
6484.644534244826,3.1634161e-14
6486.111998466649,3.2084746000000004e-14
6487.579462688474,3.2097509e-14
6489.0469269103,3.1232011e-14
6490.514391132124,3.1435668e-14
6491.981855353949,3.246172e-14
6493.449319575773,3.1187093e-14
6494.916783797598,3.0674176e-14
6496.384248019423,3.1674113e-14
6497.851712241248,3.1441014e-14
6499.319176463072,3.1149216e-14
6500.786640684897,3.0852811e-14
6502.254104906721,3.0342126e-14
6503.721569128546,2.9912934e-14
6505.189033350372,2.9486055e-14
6506.656497572195,2.9226055e-14
6508.12396179402,2.9508588e-14
6509.591426015845,3.01191e-14
6511.05889023767,3.0527894e-14
6512.526354459494,2.993377e-14
6513.993818681319,2.9237423e-14
6515.461282903144,2.9514732e-14
6516.928747124968,2.9144592e-14
6518.396211346793,2.9425867e-14
6519.8636755686175,2.9403279e-14
6521.331139790443,2.8524439e-14
6522.798604012267,2.8460581e-14
6524.266068234092,2.8361952e-14
6525.733532455917,2.8357046e-14
6527.2009966777405,2.9178298e-14
6528.668460899566,2.9250121e-14
6530.135925121391,2.8905544e-14
6531.603389343216,2.8365616999999997e-14
6533.070853565039,2.8574715e-14
6534.538317786864,2.8912184e-14
6536.0057820086895,2.8806262000000003e-14
6537.473246230515,2.8587322e-14
6538.940710452339,2.8653247e-14
6540.408174674163,2.9395185e-14
6541.875638895988,2.9252963e-14
6543.3431031178125,2.842572e-14
6544.810567339638,2.8890927e-14
6546.278031561462,3.0339174e-14
6547.745495783287,3.0908036e-14
6549.212960005111,3.0625081e-14
6550.680424226936,2.9618838e-14
6552.1478884487615,2.9406984e-14
6553.615352670585,2.9073899e-14
6555.08281689241,2.9139678e-14
6556.550281114235,2.9052896e-14
6558.01774533606,3.1298072e-14
6559.485209557884,3.377424e-14
6560.952673779709,3.9553087e-14
6562.420138001534,4.2798891e-14
6563.887602223358,4.4225769e-14
6565.355066445183,4.1543941e-14
6566.822530667007,3.4795251e-14
6568.289994888833,3.0013969e-14
6569.757459110657,2.8894205e-14
6571.224923332482,2.8313804e-14
6572.692387554307,2.8310208e-14
6574.159851776131,2.8614807e-14
6575.6273159979555,2.779181e-14
6577.094780219781,2.7075803e-14
6578.562244441606,2.7565696e-14
6580.029708663429,2.8772843e-14
6581.497172885254,2.9590402e-14
6582.964637107079,3.1254168e-14
6584.4321013289045,3.206291e-14
6585.899565550729,3.0892961e-14
6587.367029772553,2.8080029e-14
6588.834493994378,2.6142566e-14
6590.301958216202,2.5843475e-14
6591.7694224380275,2.5739233e-14
6593.236886659853,2.6397886e-14
6594.704350881677,2.6471119e-14
6596.171815103501,2.6453664e-14
6597.639279325326,2.5343974e-14
6599.106743547151,2.5262589e-14
6600.574207768975,2.6065652e-14
6602.0416719908,2.5719008e-14
6603.509136212625,2.5391618999999998e-14
6604.97660043445,2.532553e-14
6606.444064656274,2.5174065e-14
6607.911528878099,2.5342379e-14
6609.378993099924,2.4539204e-14
6610.846457321749,2.3892314e-14
6612.313921543573,2.4579015e-14
6613.781385765397,2.4523546999999998e-14
6615.2488499872225,2.452522e-14
6616.716314209047,2.4003601e-14
6618.183778430872,2.3432526999999994e-14
6619.651242652697,2.3372719e-14
6621.118706874521,2.3428907e-14
6622.586171096345,2.3563175e-14
6624.053635318171,2.3339018999999998e-14
6625.521099539996,2.3596044e-14
6626.98856376182,2.3216505e-14
6628.456027983644,2.324729e-14
6629.923492205469,2.2948458e-14
6631.390956427294,2.3330686e-14
6632.858420649119,2.3419757e-14
6634.325884870943,2.3108208e-14
6635.793349092768,2.278878e-14
6637.260813314592,2.2742522e-14
6638.728277536417,2.2874339e-14
6640.195741758243,2.2501853e-14
6641.663205980067,2.2710989e-14
6643.130670201891,2.2387729e-14
6644.598134423716,2.2410635999999998e-14
6646.065598645541,2.2423949e-14
6647.5330628673655,2.2385581e-14
6649.00052708919,2.2365786999999998e-14
6650.467991311015,2.1736746e-14
6651.93545553284,2.1832724e-14
6653.402919754664,2.1965241e-14
6654.8703839764885,2.1632309e-14
6656.337848198314,2.1445002999999997e-14
6657.805312420139,2.1409128000000003e-14
6659.272776641963,2.1251149e-14
6660.740240863788,2.138237e-14
6662.207705085612,2.0732069000000003e-14
6663.675169307437,2.1024945e-14
6665.142633529262,2.1607146e-14
6666.610097751087,2.1186945e-14
6668.077561972911,2.1353242e-14
6669.545026194735,2.1493909e-14
6671.0124904165605,2.1644754e-14
6672.479954638386,2.1220838999999994e-14
6673.94741886021,2.1463332e-14
6675.414883082034,2.1813085e-14
6676.882347303859,2.0952785e-14
6678.349811525684,2.0858433e-14
6679.817275747509,2.1145751e-14
6681.284739969333,2.0554807e-14
6682.752204191158,1.9975011e-14
6684.219668412983,2.0673196e-14
6685.687132634807,2.1177907e-14
6687.154596856632,2.0841739e-14
6688.622061078457,2.0241411e-14
6690.089525300281,2.0135009e-14
6691.556989522106,1.9936965e-14
6693.024453743931,1.9394364e-14
6694.491917965756,1.969866e-14
6695.95938218758,1.9533935e-14
6697.426846409405,1.9419104e-14
6698.89431063123,1.9037079e-14
6700.361774853054,1.8635505e-14
6701.829239074878,1.9194957e-14
6703.2967032967035,1.9257527999999998e-14
6704.764167518529,1.8923187e-14
6706.231631740353,1.8664669e-14
6707.699095962178,1.8122025e-14
6709.166560184002,1.85095e-14
6710.6340244058265,1.8671131e-14
6712.101488627652,1.8421422999999998e-14
6713.568952849477,1.9624912e-14
6715.036417071301,2.0500672e-14
6716.503881293125,2.1081288e-14
6717.97134551495,2.0659373e-14
6719.4388097367755,1.9673638e-14
6720.906273958601,1.8631127999999994e-14
6722.373738180424,1.8329563e-14
6723.841202402249,1.7759609e-14
6725.308666624074,1.7699465999999998e-14
6726.7761308458985,1.7686682e-14
6728.243595067724,1.872265e-14
6729.711059289548,1.9611965e-14
6731.178523511373,1.9710593e-14
6732.645987733197,1.9174929e-14
6734.113451955022,1.8707569e-14
6735.580916176847,1.820351e-14
6737.048380398671,1.7232181e-14
6738.515844620496,1.6919799e-14
6739.983308842321,1.7009202e-14
6741.450773064146,1.728091e-14
6742.91823728597,1.7218463e-14
6744.385701507795,1.7325797e-14
6745.85316572962,1.7611957e-14
6747.320629951444,1.7389547000000002e-14
6748.788094173268,1.6886699e-14
6750.255558395093,1.7366045999999998e-14
6751.723022616919,1.731369e-14
6753.190486838743,1.7586222e-14
6754.657951060568,1.7814794e-14
6756.125415282392,1.7674654e-14
6757.592879504217,1.7956103e-14
6759.0603437260415,1.7848999999999998e-14
6760.527807947867,1.7830684999999998e-14
6761.995272169692,1.7660260999999998e-14
6763.462736391515,1.7287323e-14
6764.93020061334,1.7132922e-14
6766.397664835165,1.8018714e-14
6767.865129056991,1.7601530999999998e-14
6769.332593278814,1.7522478e-14
6770.800057500639,1.697112e-14
6772.267521722464,1.7440664e-14
6773.734985944288,1.768684e-14
6775.2024501661135,1.7845405e-14
6776.669914387938,1.7991076e-14
6778.137378609763,1.7708046e-14
6779.604842831587,1.749885e-14
6781.072307053412,1.7157358e-14
6782.5397712752365,1.7165053e-14
6784.007235497061,1.7608622e-14
6785.474699718886,1.7383665e-14
6786.942163940711,1.7670881e-14
6788.409628162536,1.8238428e-14
6789.8770923843595,1.8261880999999998e-14
6791.344556606185,1.7799286e-14
6792.81202082801,1.7416492e-14
6794.279485049835,1.7964628e-14
6795.746949271659,1.7477465e-14
6797.214413493483,1.7577342e-14
6798.6818777153085,1.8012173e-14
6800.149341937133,1.8067137e-14
6801.616806158958,1.767241e-14
6803.084270380782,1.7633154e-14
6804.551734602607,1.7550592e-14
6806.019198824431,1.7611159e-14
6807.486663046257,1.7701476e-14
6808.954127268082,1.7488773e-14
6810.421591489905,1.7251936e-14
6811.88905571173,1.6834953e-14
6813.356519933555,1.7251747e-14
6814.8239841553805,1.7446114e-14
6816.291448377204,1.7272741e-14
6817.758912599029,1.6878092e-14
6819.226376820854,1.6987456e-14
6820.693841042678,1.7174887999999998e-14
6822.161305264503,1.6700227999999998e-14
6823.628769486328,1.6833242e-14
6825.096233708153,1.7205558e-14
6826.563697929977,1.6533659e-14
6828.031162151802,1.7087545e-14
6829.498626373627,1.7189778e-14
6830.9660905954515,1.7180314e-14
6832.433554817276,1.6782697e-14
6833.901019039101,1.6607641e-14
6835.368483260926,1.6529016e-14
6836.835947482749,1.6710160000000002e-14
6838.3034117045745,1.676059e-14
6839.7708759264,1.6305882000000002e-14
6841.238340148225,1.6192374e-14
6842.705804370049,1.6412013e-14
6844.173268591873,1.6346189e-14
6845.640732813698,1.5899431e-14
6847.108197035523,1.5992312e-14
6848.575661257348,1.6344317e-14
6850.043125479172,1.6406130000000002e-14
6851.510589700997,1.596508e-14
6852.978053922821,1.5384867e-14
6854.4455181446465,1.5593908e-14
6855.912982366472,1.6595154999999998e-14
6857.380446588295,1.628551e-14
6858.84791081012,1.594666e-14
6860.315375031945,1.6095654e-14
6861.78283925377,1.5595936e-14
6863.250303475595,1.5337540000000002e-14
6864.717767697419,1.5498961e-14
6866.185231919244,1.5508646e-14
6867.652696141069,1.5811138e-14
6869.120160362893,1.5564517e-14
6870.587624584718,1.5794891e-14
6872.055088806543,1.6059164e-14
6873.522553028367,1.5486242e-14
6874.990017250192,1.5291505e-14
6876.457481472017,1.5930618e-14
6877.924945693841,1.6234012e-14
6879.392409915666,1.580017e-14
6880.859874137491,1.5006082e-14
6882.327338359316,1.5176039999999998e-14
6883.79480258114,1.6078782e-14
6885.262266802964,1.5813272000000002e-14
6886.7297310247895,1.5468564e-14
6888.197195246615,1.513298e-14
6889.664659468439,1.4839286e-14
6891.132123690263,1.5142134e-14
6892.599587912088,1.5021135e-14
6894.0670521339125,1.4926035e-14
6895.534516355738,1.4796114e-14
6897.001980577563,1.5091827e-14
6898.469444799387,1.5321741e-14
6899.936909021211,1.5113559e-14
6901.404373243036,1.5162152e-14
6902.8718374648615,1.6046624e-14
6904.339301686686,1.5806236e-14
6905.80676590851,1.502535e-14
6907.274230130335,1.5335124e-14
6908.74169435216,1.5396581e-14
6910.2091585739845,1.5469187e-14
6911.676622795809,1.5845603e-14
6913.144087017634,1.5846925e-14
6914.611551239459,1.6080964e-14
6916.079015461283,1.6077418e-14
6917.546479683108,1.5918779000000002e-14
6919.013943904933,1.6121713e-14
6920.481408126757,1.6167084e-14
6921.948872348582,1.6293143e-14
6923.416336570407,1.6946505e-14
6924.883800792231,1.6672351e-14
6926.351265014056,1.6765925e-14
6927.818729235881,1.684437e-14
6929.286193457706,1.6871945e-14
6930.75365767953,1.7305256e-14
6932.221121901354,1.7072642e-14
6933.688586123179,1.7226793e-14
6935.156050345005,1.7088755e-14
6936.623514566829,1.6962562e-14
6938.090978788653,1.7232412e-14
6939.558443010478,1.7738966000000002e-14
6941.025907232303,1.8333296e-14
6942.493371454128,1.795166e-14
6943.960835675953,1.8400329e-14
6945.428299897777,1.8769917e-14
6946.895764119601,1.833249e-14
6948.363228341426,1.8377188e-14
6949.830692563251,1.8271937e-14
6951.298156785077,1.7964431e-14
6952.7656210069,1.7829938e-14
6954.233085228725,1.8786973e-14
6955.70054945055,1.9321742e-14
6957.168013672374,1.9229598e-14
6958.635477894199,1.9970822e-14
6960.102942116024,2.0245473e-14
6961.570406337849,1.9708931e-14
6963.037870559673,1.956941e-14
6964.505334781498,1.9786185e-14
6965.9727990033225,2.0007734e-14
6967.440263225147,1.942196e-14
6968.907727446972,1.9800701e-14
6970.375191668797,2.0290233999999997e-14
6971.842655890621,1.9614471e-14
6973.3101201124455,1.9500257e-14
6974.777584334271,2.0034754e-14
6976.245048556096,2.0028112e-14
6977.712512777921,1.9748492e-14
6979.179976999744,1.9878463e-14
6980.647441221569,2.0105743e-14
6982.1149054433945,2.0414127999999997e-14
6983.582369665219,2.0183227e-14
6985.049833887044,1.9543326e-14
6986.517298108868,2.0049402999999994e-14
6987.984762330693,2.0076766e-14
6989.4522265525175,1.9713538e-14
6990.919690774343,1.9740224e-14
6992.387154996167,1.9509201e-14
6993.854619217991,1.8968414e-14
6995.322083439816,1.9092016e-14
6996.789547661641,1.9215619e-14
6998.2570118834665,1.9339221e-14
6999.72447610529,1.9462823e-14
7001.191940327115,1.9586425e-14
7002.65940454894,1.9710028e-14
7004.126868770764,1.983363e-14
7005.5943329925885,1.9957232e-14
7007.061797214414,2.0080835e-14
7008.529261436239,2.0204437e-14
7009.996725658063,2.0204437e-14
7011.464189879888,1.9890355e-14
7012.931654101712,1.94464e-14
7014.399118323538,1.9162159e-14
7015.866582545362,1.9076412e-14
7017.334046767187,1.8691039e-14
7018.801510989012,1.9162753e-14
7020.268975210835,1.9566774e-14
7021.7364394326605,1.9178987e-14
7023.203903654486,1.9573137e-14
7024.671367876311,1.9145995e-14
7026.138832098134,1.8741655e-14
7027.606296319959,1.8660071e-14
7029.073760541784,1.8989415e-14
7030.541224763609,1.9087888e-14
7032.008688985434,1.9634844e-14
7033.476153207258,1.8624318e-14
7034.943617429083,1.8794638e-14
7036.411081650907,1.8931408e-14
7037.8785458727325,1.9119713e-14
7039.346010094557,1.9094496e-14
7040.813474316381,1.9031031e-14
7042.280938538206,1.8885163e-14
7043.748402760031,1.8752823e-14
7045.215866981856,1.8809465e-14
7046.68333120368,1.9207796e-14
7048.150795425505,1.9325311e-14
7049.61825964733,1.9163193e-14
7051.085723869155,1.9347647e-14
7052.553188090979,1.8682388e-14
7054.020652312804,1.8726868999999998e-14
7055.488116534629,1.920173e-14
7056.955580756453,2.0173068e-14
7058.423044978278,2.0231349e-14
7059.890509200102,1.992692e-14
7061.357973421927,1.9462827e-14
7062.825437643752,1.9611137e-14
7064.292901865577,1.9932137e-14
7065.760366087402,1.9874581e-14
7067.227830309225,1.956187e-14
7068.69529453105,1.9600099e-14
7070.162758752876,1.9717073e-14
7071.630222974701,2.0434858999999997e-14
7073.097687196524,1.9430213e-14
7074.565151418349,1.9583073e-14
7076.032615640174,1.9633714e-14
7077.5000798619985,1.9396062e-14
7078.967544083824,1.9356598e-14
7080.435008305648,1.9425102e-14
7081.902472527473,1.98634e-14
7083.369936749297,2.0054371e-14
7084.837400971122,2.0286167e-14
7086.304865192948,2.0795643e-14
7087.772329414772,2.0409696e-14
7089.239793636596,1.9362745e-14
7090.707257858421,1.9957691e-14
7092.174722080246,1.9494393e-14
7093.64218630207,1.9236189e-14
7095.109650523895,1.9374437e-14
7096.57711474572,1.9596853999999998e-14
7098.044578967545,1.9315182e-14
7099.512043189369,1.9791765e-14
7100.9795074111935,1.9231908e-14
7102.446971633019,1.9310327e-14
7103.914435854843,1.9007087e-14
7105.381900076668,1.8595656e-14
7106.849364298492,1.863902e-14
7108.316828520317,1.8910272e-14
7109.784292742142,1.891647e-14
7111.251756963967,1.8993369e-14
7112.719221185792,1.9094899e-14
7114.186685407615,1.9082437e-14
7115.65414962944,1.8874592e-14
7117.1216138512655,1.8719357e-14
7118.589078073091,1.8966823e-14
7120.056542294915,1.9082454e-14
7121.524006516739,1.9067632999999998e-14
7122.991470738564,1.9351571e-14
7124.458934960389,1.9332763e-14
7125.926399182214,1.9241062e-14
7127.393863404038,1.9339368e-14
7128.861327625863,1.9793068e-14
7130.328791847687,1.977771e-14
7131.796256069512,1.9418654e-14
7133.263720291337,2.0304777999999994e-14
7134.731184513162,2.0169113e-14
7136.198648734986,2.0703871e-14
7137.666112956811,2.0883923e-14
7139.133577178636,2.0916357e-14
7140.6010414004595,2.1692698e-14
7142.068505622285,2.0932236e-14
7143.53596984411,2.0723481e-14
7145.003434065935,2.0945673e-14
7146.470898287759,2.1186154e-14
7147.938362509583,2.160275e-14
7149.4058267314085,2.1920714e-14
7150.873290953233,2.2405779e-14
7152.340755175058,2.2659273e-14
7153.808219396883,2.2458117e-14
7155.275683618707,2.2590353e-14
7156.7431478405315,2.2665484e-14
7158.210612062357,2.2569392e-14
7159.678076284182,2.2969515e-14
7161.145540506006,2.3527203e-14
7162.61300472783,2.3088703e-14
7164.080468949655,2.3297751e-14
7165.5479331714805,2.390964e-14
7167.015397393305,2.3504999e-14
7168.482861615129,2.4262822e-14
7169.950325836954,2.4748693e-14
7171.417790058779,2.4130268e-14
7172.8852542806035,2.4468646e-14
7174.352718502428,2.4776368e-14
7175.820182724253,2.4771546999999994e-14
7177.287646946077,2.4941287e-14
7178.755111167902,2.5544226e-14
7180.222575389727,2.6507261e-14
7181.690039611552,2.5048716e-14
7183.157503833376,2.4804313e-14
7184.624968055201,2.5672898e-14
7186.092432277026,2.5749707000000003e-14
7187.55989649885,2.62641e-14
7189.027360720675,2.6421282e-14
7190.4948249425,2.7222428e-14
7191.962289164325,2.693099e-14
7193.429753386149,2.5904576999999998e-14
7194.897217607973,2.5627434e-14
7196.364681829798,2.5897384e-14
7197.832146051624,2.5795121e-14
7199.299610273448,2.5678446e-14
7200.767074495273,2.6193531e-14
7202.234538717097,2.62169e-14
7203.702002938921,2.6123287999999998e-14
7205.1694671607465,2.6352258000000003e-14
7206.636931382572,2.6561029e-14
7208.104395604396,2.6703398e-14
7209.57185982622,2.7028322e-14
7211.039324048045,2.6640332e-14
7212.50678826987,2.6505916e-14
7213.974252491695,2.7227793e-14
7215.441716713519,2.7419631e-14
7216.909180935344,2.7052953e-14
7218.376645157169,2.7861977e-14
7219.844109378993,2.8110049e-14
7221.3115736008185,2.7674762999999998e-14
7222.779037822643,2.7741117e-14
7224.246502044467,2.8191158999999994e-14
7225.713966266292,2.8357196e-14
7227.181430488117,2.8396997e-14
7228.6488947099415,2.8870785e-14
7230.116358931766,2.8889768e-14
7231.583823153591,2.900238e-14
7233.051287375416,2.9322419e-14
7234.518751597241,2.9374268e-14
7235.9862158190645,2.9557488e-14
7237.45368004089,2.9778848e-14
7238.921144262715,2.9688554e-14
7240.388608484539,2.9397757e-14
7241.856072706363,2.9470084000000003e-14
7243.323536928188,2.9471784e-14
7244.7910011500135,3.0009429e-14
7246.258465371838,3.0671144e-14
7247.725929593663,3.0650799e-14
7249.193393815487,3.0459146e-14
7250.660858037311,3.0528829e-14
7252.128322259136,3.1302525999999996e-14
7253.595786480962,3.1368365e-14
7255.063250702787,3.1153588e-14
7256.53071492461,3.1456361e-14
7257.998179146435,3.1729853e-14
7259.46564336826,3.2343481e-14
7260.933107590085,3.3266931e-14
7262.400571811909,3.3128790999999997e-14
7263.868036033734,3.2525983e-14
7265.335500255559,3.3026586e-14
7266.802964477383,3.1490788e-14
7268.270428699208,3.1837454e-14
7269.737892921033,3.330853e-14
7271.205357142858,3.3044326e-14
7272.672821364682,3.3251171e-14
7274.140285586507,3.3676753e-14
7275.607749808331,3.407016e-14
7277.075214030156,3.2897992e-14
7278.542678251981,3.2586961e-14
7280.010142473806,3.3150864000000005e-14
7281.477606695631,3.2857676e-14
7282.945070917454,3.3144171e-14
7284.4125351392795,3.3127542e-14
7285.879999361105,3.4056051e-14
7287.347463582929,3.4426267e-14
7288.814927804754,3.4451654e-14
7290.282392026578,3.5354998000000005e-14
7291.749856248403,3.5755336e-14
7293.217320470228,3.4742258e-14
7294.684784692053,3.4046371e-14
7296.152248913877,3.5485597e-14
7297.619713135701,3.5224941e-14
7299.087177357526,3.4892538e-14
7300.5546415793515,3.4528844e-14
7302.022105801177,3.4460618e-14
7303.489570023,3.4643247e-14
7304.957034244825,3.4048455e-14
7306.42449846665,3.3395336e-14
7307.891962688475,3.3525784e-14
7309.3594269103,3.3145847e-14
7310.826891132124,3.3924729999999996e-14
7312.294355353949,3.3526387e-14
7313.761819575773,3.2732613e-14
7315.229283797598,3.2429028e-14
7316.696748019423,3.2835002e-14
7318.164212241248,3.2082641e-14
7319.631676463072,3.2297342000000004e-14
7321.099140684897,3.2045453e-14
7322.566604906722,3.2056444e-14
7324.0340691285455,3.2292881e-14
7325.501533350371,3.1543911e-14
7326.968997572196,3.1228237e-14
7328.436461794021,3.2330389e-14
7329.903926015844,3.2770994e-14
7331.371390237669,3.2094307e-14
7332.8388544594945,3.0449181e-14
7334.306318681319,3.0537004e-14
7335.773782903144,3.0473392e-14
7337.241247124968,3.0831091e-14
7338.708711346793,3.0921423e-14
7340.1761755686175,3.0209590999999996e-14
7341.643639790443,2.9597063e-14
7343.111104012268,2.8169992000000003e-14
7344.578568234092,2.8750062e-14
7346.046032455916,2.8973658e-14
7347.513496677741,2.8411648e-14
7348.9809608995665,2.8294749e-14
7350.44842512139,2.8324463e-14
7351.915889343215,2.7702954000000003e-14
7353.38335356504,2.7088933e-14
7354.850817786865,2.7581506e-14
7356.3182820086895,2.7579338999999997e-14
7357.785746230514,2.7005341e-14
7359.253210452339,2.7246039e-14
7360.720674674163,2.6807461e-14
7362.188138895988,2.6337385e-14
7363.6556031178125,2.6939406e-14
7365.123067339638,2.7293986999999998e-14
7366.590531561462,2.6838984e-14
7368.057995783287,2.7299050999999998e-14
7369.525460005112,2.7080164e-14
7370.992924226935,2.6243856e-14
7372.460388448761,2.6489902e-14
7373.927852670586,2.6414678e-14
7375.395316892411,2.6207101e-14
7376.862781114235,2.6506542999999996e-14
7378.330245336059,2.5672586e-14
7379.797709557884,2.5466735e-14
7381.26517377971,2.5944734e-14
7382.732638001534,2.5742106e-14
7384.200102223358,2.624851e-14
7385.667566445183,2.6366129e-14
7387.135030667007,2.6814847e-14
7388.602494888833,2.6210765999999994e-14
7390.069959110658,2.6088969999999998e-14
7391.537423332482,2.6347852e-14
7393.004887554306,2.5801299e-14
7394.472351776131,2.6765316e-14
7395.939815997956,2.688792e-14
7397.40728021978,2.544512e-14
7398.874744441605,2.5307069e-14
7400.34220866343,2.4939523e-14
7401.809672885255,2.5199145999999998e-14
7403.277137107079,2.4351778e-14
