Wavelength,Flux
3494.746,2.184404162e-15
3496.861697,2.193690396e-15
3498.977394,2.202976418e-15
3501.093091,2.405354189e-15
3503.208788,2.607731959e-15
3505.324485,2.504818515e-15
3507.440182,2.401905282e-15
3509.555879,2.383028518e-15
3511.671576,2.364151965e-15
3513.787273,2.637842498e-15
3515.90297,2.911531761e-15
3518.018667,2.454484429e-15
3520.134364,1.997438156e-15
3522.250061,2.042863263e-15
3524.365758,2.088288157e-15
3526.481455,2.006965583e-15
3528.597152,1.925643008e-15
3530.712849,1.828141257e-15
3532.828546,1.730639824e-15
3534.944243,1.766579432e-15
3537.05994,1.802518511e-15
3539.175637,1.643363561e-15
3541.291334,1.484209353e-15
3543.407031,1.499255728e-15
3545.522728,1.514302527e-15
3547.638425,1.66781232e-15
3549.754122,1.821322219e-15
3551.869819,1.981464174e-15
3553.985516,2.141604858e-15
3556.101213,2.00985333e-15
3558.21691,1.878102225e-15
3560.332607,1.794389112e-15
3562.448304,1.710676105e-15
3564.564001,1.647723769e-15
3566.679698,1.584772704e-15
3568.795395,1.741878575e-15
3570.911092,1.89898307e-15
3573.026789,1.852502137e-15
3575.142486,1.806021627e-15
3577.258183,1.812548863e-15
3579.37388,1.819075887e-15
3581.489577,1.761161598e-15
3583.605274,1.703247838e-15
3585.720971,1.706827611e-15
3587.836668,1.710407807e-15
3589.952365,1.759137189e-15
3592.068062,1.807866889e-15
3594.183759,1.920399874e-15
3596.299456,2.032930531e-15
3598.415153,1.878168294e-15
3600.53085,1.723408069e-15
3602.646547,1.805920619e-15
3604.762244,1.888432004e-15
3606.877941,1.835470845e-15
3608.993638,1.782507357e-15
3611.109335,1.465594956e-15
3613.225032,1.148686261e-15
3615.340729,1.212546934e-15
3617.456426,1.276407818e-15
3619.572123,1.37005324e-15
3621.68782,1.463698661e-15
3623.803517,1.556232458e-15
3625.919214,1.648766255e-15
3628.034911,1.740191815e-15
3630.150608,1.83161621e-15
3632.266305,1.828946998e-15
3634.382002,1.826275456e-15
3636.497699,1.64071563e-15
3638.613396,1.455157711e-15
3640.729093,1.429515376e-15
3642.84479,1.403871136e-15
3644.960487,1.214936626e-15
3647.076184,1.02600508e-15
3649.191881,1.069064529e-15
3651.307578,1.112127261e-15
3653.423275,1.414877906e-15
3655.538972,1.717626116e-15
3657.654669,1.837456714e-15
3659.770366,1.957285195e-15
3661.886063,1.916825819e-15
3664.00176,1.876366443e-15
3666.117457,1.829970002e-15
3668.233154,1.783574619e-15
3670.348851,1.814933473e-15
3672.464548,1.846292115e-15
3674.580245,1.879839913e-15
3676.695942,1.913388559e-15
3678.811639,2.015810089e-15
3680.927336,2.118230348e-15
3683.043033,2.139415278e-15
3685.15873,2.160601266e-15
3687.274427,2.246646896e-15
3689.390124,2.332692526e-15
3691.505821,2.402722457e-15
3693.621518,2.472749212e-15
3695.737215,2.32997948e-15
3697.852912,2.187213347e-15
3699.968609,2.253113781e-15
3702.084306,2.319015697e-15
3704.200003,2.470415213e-15
3706.3157,2.621810917e-15
3708.431397,2.555822604e-15
3710.547094,2.489833231e-15
3712.662791,2.36122589e-15
3714.778488,2.23262003e-15
3716.894185,2.186177002e-15
3719.009882,2.139734609e-15
3721.125579,2.135059622e-15
3723.241276,2.130383365e-15
3725.356973,2.047585683e-15
3727.47267,1.9647916e-15
3729.588367,2.066214267e-15
3731.704064,2.167635027e-15
3733.819761,2.160921444e-15
3735.935458,2.154205108e-15
3738.051155,2.004237501e-15
3740.166852,1.854270106e-15
3742.282549,1.701005424e-15
3744.398246,1.547743388e-15
3746.513943,1.520851574e-15
3748.62964,1.493958172e-15
3750.745337,1.39258421e-15
3752.861034,1.291211519e-15
3754.976731,1.256952848e-15
3757.092428,1.222695765e-15
3759.208125,1.264660213e-15
3761.323822,1.306623389e-15
3763.439519,1.290241349e-15
3765.555216,1.273857614e-15
3767.670913,1.185964711e-15
3769.78661,1.098072231e-15
3771.902307,1.03050039e-15
3774.018004,9.629318302e-16
3776.133701,1.043678846e-15
3778.249398,1.124424697e-15
3780.365095,1.158349425e-15
3782.480792,1.192273624e-15
3784.596489,1.205959559e-15
3786.712186,1.219642741e-15
3788.827883,1.120100805e-15
3790.94358,1.020559928e-15
3793.059277,9.64335999e-16
3795.174974,9.081147165e-16
3797.290671,9.637834159e-16
3799.406368,1.019450951e-15
3801.522065,1.032675147e-15
3803.637762,1.045899237e-15
3805.753459,1.0599927e-15
3807.869156,1.074087964e-15
3809.984853,1.15884801e-15
3812.10055,1.243606362e-15
3814.216247,1.260840623e-15
3816.331944,1.278074462e-15
3818.447641,1.27934914e-15
3820.563338,1.280624031e-15
3822.679035,1.289689507e-15
3824.794732,1.298754242e-15
3826.910429,1.279317482e-15
3829.026126,1.259881253e-15
3831.141823,1.258645008e-15
3833.25752,1.257408975e-15
3835.373217,1.262235475e-15
3837.488914,1.26706441e-15
3839.604611,1.353649494e-15
3841.720308,1.440235849e-15
3843.836005,1.572898784e-15
3845.951702,1.705559496e-15
3848.067399,1.761274147e-15
3850.183096,1.816988375e-15
3852.298793,1.85745855e-15
3854.41449,1.897930208e-15
3856.530187,1.982938646e-15
3858.645884,2.067948143e-15
3860.761581,2.190981373e-15
3862.877278,2.314011003e-15
3864.992975,2.318902194e-15
3867.108672,2.323795927e-15
3869.224369,2.413669088e-15
3871.340066,2.503542883e-15
3873.455763,2.612192223e-15
3875.57146,2.72084241e-15
3877.687157,2.863930627e-15
3879.802854,3.007016726e-15
3881.918551,3.084867312e-15
3884.034248,3.162720652e-15
3886.149945,3.32733007e-15
3888.265642,3.491939488e-15
3890.381339,3.658496235e-15
3892.497036,3.825054253e-15
3894.612733,4.044091468e-15
3896.72843,4.263125294e-15
3898.844127,4.371178322e-15
3900.959824,4.47923008e-15
3903.075521,4.551559494e-15
3905.191218,4.623890179e-15
3907.306915,4.724096294e-15
3909.422612,4.824301562e-15
3911.538309,4.891478898e-15
3913.654006,4.958654964e-15
3915.769703,5.001677885e-15
3917.8854,5.044700806e-15
3920.001097,5.095192439e-15
3922.116794,5.145685768e-15
3924.232491,5.246299729e-15
3926.348188,5.346906914e-15
3928.463885,5.251198968e-15
3930.579582,5.155490174e-15
3932.695279,5.048949099e-15
3934.810976,4.94241226e-15
3936.926673,4.944069056e-15
3939.04237,4.945728817e-15
3941.158067,5.023917582e-15
3943.273764,5.102104228e-15
3945.389461,5.136869002e-15
3947.505158,5.171631234e-15
3949.620855,5.141693278e-15
3951.736552,5.111754898e-15
3953.852249,5.060360751e-15
3955.967946,5.00896745e-15
3958.083643,4.979671969e-15
3960.19934,4.95037564e-15
3962.315037,4.907992652e-15
3964.430734,4.865604583e-15
3966.546431,4.702952234e-15
3968.662128,4.54030285e-15
3970.777825,4.46772949e-15
3972.893522,4.395161213e-15
3975.009219,4.444505118e-15
3977.124916,4.493848175e-15
3979.240613,4.510589358e-15
3981.35631,4.527331387e-15
3983.472007,4.55409424e-15
3985.587704,4.580861328e-15
3987.703401,4.713818396e-15
3989.819098,4.846772076e-15
3991.934795,4.885551362e-15
3994.050492,4.924330647e-15
3996.166189,4.964080633e-15
3998.281886,5.003835701e-15
4000.397583,5.158914305e-15
4002.51328,5.313993332e-15
4004.628977,5.479930474e-15
4006.744674,5.645865499e-15
4008.860371,5.766987399e-15
4010.976068,5.888109299e-15
4013.091765,6.009276938e-15
4015.207462,6.130447119e-15
4017.323159,6.315040162e-15
4019.438856,6.499632782e-15
4021.554553,6.668366827e-15
4023.67025,6.837102567e-15
4025.785947,7.046558144e-15
4027.901644,7.256011181e-15
4030.017341,7.393452441e-15
4032.133038,7.530888619e-15
4034.248735,7.547169439e-15
4036.364432,7.563454495e-15
4038.480129,7.675508483e-15
4040.595826,7.787555696e-15
4042.711523,7.749428201e-15
4044.82722,7.711295625e-15
4046.942917,7.570661898e-15
4049.058614,7.430029018e-15
4051.174311,7.315882011e-15
4053.290008,7.20173331e-15
4055.405705,7.045059743e-15
4057.521402,6.888383212e-15
4059.637099,6.680880892e-15
4061.752796,6.473381537e-15
4063.868493,6.328455047e-15
4065.98419,6.183529827e-15
4068.099887,6.063626384e-15
4070.215584,5.943722094e-15
4072.331281,5.808907907e-15
4074.446978,5.674091178e-15
4076.562675,5.472699354e-15
4078.678372,5.271311342e-15
4080.794069,5.14976169e-15
4082.909766,5.028214156e-15
4085.025463,4.944882208e-15
4087.14116,4.861544754e-15
4089.256857,4.672932963e-15
4091.372554,4.48432456e-15
4093.488251,4.364879785e-15
4095.603948,4.245437128e-15
4097.719645,4.160767715e-15
4099.835342,4.076096184e-15
4101.951039,3.959909522e-15
4104.066736,3.84372413e-15
4106.182433,3.753918309e-15
4108.29813,3.664113334e-15
4110.413827,3.597700446e-15
4112.529524,3.531288616e-15
4114.645221,3.486421069e-15
4116.760918,3.441551616e-15
4118.876615,3.35785502e-15
4120.992312,3.274159059e-15
4123.108009,3.200569895e-15
4125.223706,3.126982002e-15
4127.339403,3.082782553e-15
4129.4551,3.038583103e-15
4131.570797,2.992847135e-15
4133.686494,2.947113497e-15
4135.802191,2.944909729e-15
4137.917888,2.942708079e-15
4140.033585,2.982444088e-15
4142.149282,3.022176286e-15
4144.264979,2.987880134e-15
4146.380676,2.953583982e-15
4148.496373,2.918780033e-15
4150.61207,2.883978414e-15
4152.727767,2.896791481e-15
4154.843464,2.909605608e-15
4156.959161,2.940635177e-15
4159.074858,2.971663688e-15
4161.190555,2.980644567e-15
4163.306252,2.989625657e-15
4165.421949,3.007703458e-15
4167.537646,3.025778929e-15
4169.653343,3.001726793e-15
4171.76904,2.977673599e-15
4173.884737,2.936326109e-15
4176.000434,2.894978831e-15
4178.116131,2.861444161e-15
4180.231828,2.827910339e-15
4182.347525,2.811962614e-15
4184.463222,2.796016372e-15
4186.578919,2.803903731e-15
4188.694616,2.811790031e-15
4190.810313,2.803967258e-15
4192.92601,2.796140462e-15
4195.041707,2.718417354e-15
4197.157404,2.640696576e-15
4199.273101,2.600242494e-15
4201.388798,2.559791588e-15
4203.504495,2.575544919e-15
4205.620192,2.591302061e-15
4207.735889,2.677151391e-15
4209.851586,2.76299691e-15
4211.967283,2.786197566e-15
4214.08298,2.809396104e-15
4216.198677,2.800217444e-15
4218.314374,2.791039206e-15
4220.430071,2.791359173e-15
4222.545768,2.791682316e-15
4224.661465,2.844137796e-15
4226.777162,2.896590311e-15
4228.892859,2.901317814e-15
4231.008556,2.906046375e-15
4233.124253,2.928016081e-15
4235.23995,2.949988327e-15
4237.355647,3.014263516e-15
4239.471344,3.078537435e-15
4241.587041,3.125013074e-15
4243.702738,3.171487654e-15
4245.818435,3.198418855e-15
4247.934132,3.225350268e-15
4250.049829,3.253497173e-15
4252.165526,3.281644077e-15
4254.281223,3.306319206e-15
4256.39692,3.330993487e-15
4258.512617,3.34093829e-15
4260.628314,3.350882245e-15
4262.744011,3.349133969e-15
4264.859708,3.347383787e-15
4266.975405,3.320332307e-15
4269.091102,3.293279134e-15
4271.206799,3.243526113e-15
4273.322496,3.193774997e-15
4275.438193,3.173913557e-15
4277.55389,3.154054022e-15
4279.669587,3.166605145e-15
4281.785284,3.179154361e-15
4283.900981,3.159282333e-15
4286.016678,3.139411364e-15
4288.132375,3.135595904e-15
4290.248072,3.131779809e-15
4292.363769,3.119494443e-15
4294.479466,3.107210136e-15
4296.595163,3.111157944e-15
4298.71086,3.115105542e-15
4300.826557,3.119655803e-15
4302.942254,3.124207334e-15
4305.057951,3.145559341e-15
4307.173648,3.166912194e-15
4309.289345,3.202300807e-15
4311.405042,3.237688997e-15
4313.520739,3.269092955e-15
4315.636436,3.300494584e-15
4317.752133,3.296494259e-15
4319.86783,3.292493511e-15
4321.983527,3.277398537e-15
4324.099224,3.262306527e-15
4326.214921,3.291260019e-15
4328.330618,3.32021457e-15
4330.446315,3.364387126e-15
4332.562012,3.408556294e-15
4334.677709,3.402521396e-15
4336.793406,3.396488404e-15
4338.909103,3.419285873e-15
4341.0248,3.442083764e-15
4343.140497,3.471821185e-15
4345.256194,3.501557971e-15
4347.371891,3.523502265e-15
4349.487588,3.545441477e-15
4351.603285,3.495684221e-15
4353.718982,3.445928235e-15
4355.834679,3.412096257e-15
4357.950376,3.378268302e-15
4360.066073,3.399067831e-15
4362.18177,3.41986609e-15
4364.297467,3.422111151e-15
4366.413164,3.424354094e-15
4368.528861,3.398530601e-15
4370.644558,3.372710495e-15
4372.760255,3.392233334e-15
4374.875952,3.411755538e-15
4376.991649,3.422358908e-15
4379.107346,3.432960796e-15
4381.223043,3.421561427e-15
4383.33874,3.410159728e-15
4385.454437,3.367138077e-15
4387.570134,3.324119815e-15
4389.685831,3.325747812e-15
4391.801528,3.327376445e-15
4393.917225,3.333784885e-15
4396.032922,3.340192265e-15
4398.148619,3.330835092e-15
4400.264316,3.321476225e-15
4402.380013,3.291823296e-15
4404.49571,3.262168672e-15
4406.611407,3.208666683e-15
4408.727104,3.15516533e-15
4410.842801,3.109629685e-15
4412.958498,3.0640951e-15
4415.074195,3.035041235e-15
4417.189892,3.00598504e-15
4419.305589,2.949844331e-15
4421.421286,2.893703835e-15
4423.536983,2.841549687e-15
4425.65268,2.789399139e-15
4427.768377,2.784256166e-15
4429.884074,2.779113618e-15
4431.999771,2.780542774e-15
4434.115468,2.781972566e-15
4436.231165,2.790185397e-15
4438.346862,2.798398864e-15
4440.462559,2.816598425e-15
4442.578256,2.834796505e-15
4444.693953,2.835066708e-15
4446.80965,2.8353367e-15
4448.925347,2.835570269e-15
4451.041044,2.835805533e-15
4453.156741,2.860157307e-15
4455.272438,2.884508233e-15
4457.388135,2.898828172e-15
4459.503832,2.913151499e-15
4461.619529,2.968692085e-15
4463.735226,3.024233518e-15
4465.850923,3.090099011e-15
4467.96662,3.15596387e-15
4470.082317,3.211944701e-15
4472.198014,3.267929343e-15
4474.313711,3.372102749e-15
4476.429408,3.476274461e-15
4478.545105,3.560465301e-15
4480.660802,3.644657411e-15
4482.776499,3.744036822e-15
4484.892196,3.843414539e-15
4487.007893,3.927849748e-15
4489.12359,4.012286227e-15
4491.239287,4.117624939e-15
4493.354984,4.22296238e-15
4495.470681,4.309477478e-15
4497.586378,4.395995117e-15
4499.702075,4.51865057e-15
4501.817772,4.641308141e-15
4503.933469,4.789248374e-15
4506.049166,4.937186914e-15
4508.164863,5.071312463e-15
4510.28056,5.205437166e-15
4512.396257,5.335605377e-15
4514.511954,5.465773166e-15
4516.627651,5.591426268e-15
4518.743348,5.717080641e-15
4520.859045,5.859015835e-15
4522.974742,6.000950181e-15
4525.090439,6.131995072e-15
4527.206136,6.263038692e-15
4529.321833,6.379107617e-15
4531.43753,6.495177389e-15
4533.553227,6.613923361e-15
4535.668924,6.732667639e-15
4537.784621,6.826560394e-15
4539.900318,6.92044722e-15
4542.016015,6.940612957e-15
4544.131712,6.960778271e-15
4546.247409,6.968371074e-15
4548.363106,6.975966842e-15
4550.478803,7.018279949e-15
4552.5945,7.060588822e-15
4554.710197,7.055326206e-15
4556.825894,7.050067825e-15
4558.941591,7.087377085e-15
4561.057288,7.124692275e-15
4563.172985,7.224820887e-15
4565.288682,7.324946957e-15
4567.404379,7.384746636e-15
4569.520076,7.444549704e-15
4571.635773,7.547790314e-15
4573.75147,7.651033466e-15
4575.867167,7.778495831e-15
4577.982864,7.905953114e-15
4580.098561,7.981904864e-15
4582.214258,8.057849838e-15
4584.329955,8.065536662e-15
4586.445652,8.073219251e-15
4588.561349,8.026183511e-15
4590.677046,7.979150313e-15
4592.792743,7.967840729e-15
4594.90844,7.956538768e-15
4597.024137,8.026428304e-15
4599.139834,8.096318687e-15
4601.255531,8.163774696e-15
4603.371228,8.231231553e-15
4605.486925,8.312162163e-15
4607.602622,8.393098702e-15
4609.718319,8.538241186e-15
4611.834016,8.683376894e-15
4613.949713,8.754002501e-15
4616.06541,8.824629802e-15
4618.181107,8.916966557e-15
4620.296804,9.00930416e-15
4622.412501,9.111864603e-15
4624.528198,9.214418271e-15
4626.643895,9.251957077e-15
4628.759592,9.289491648e-15
4630.875289,9.284568692e-15
4632.990986,9.279643196e-15
4635.106683,9.250417171e-15
4637.22238,9.221187758e-15
4639.338077,9.168677644e-15
4641.453774,9.116164143e-15
4643.569471,9.031167775e-15
4645.685168,8.946171406e-15
4647.800865,8.866361421e-15
4649.916562,8.786551436e-15
4652.032259,8.706142598e-15
4654.147956,8.625732066e-15
4656.263653,8.522422846e-15
4658.37935,8.419114472e-15
4660.495047,8.320956906e-15
4662.610744,8.222794258e-15
4664.726441,8.075108982e-15
4666.842138,7.927423705e-15
4668.957835,7.780239025e-15
4671.073532,7.633052651e-15
4673.189229,7.47604493e-15
4675.304926,7.319038903e-15
4677.420623,7.174264031e-15
4679.53632,7.02948916e-15
4681.652017,6.887258352e-15
4683.767714,6.745027121e-15
4685.883411,6.599110449e-15
4687.999108,6.453198012e-15
4690.114805,6.353486141e-15
4692.230502,6.253774693e-15
4694.346199,6.155062744e-15
4696.461896,6.056351641e-15
4698.577593,5.96592198e-15
4700.69329,5.87550079e-15
4702.808987,5.870894625e-15
4704.924684,5.866292271e-15
4707.040381,5.905935954e-15
4709.156078,5.945580908e-15
4711.271775,6.002078429e-15
4713.387472,6.058573832e-15
4715.503169,6.096004218e-15
4717.618866,6.133429946e-15
4719.734563,6.126493169e-15
4721.85026,6.119557663e-15
4723.965957,6.128772111e-15
4726.081654,6.137990371e-15
4728.197351,6.189155396e-15
4730.313048,6.240313222e-15
4732.428745,6.220569307e-15
4734.544442,6.200824969e-15
4736.660139,6.175322501e-15
4738.775836,6.149826386e-15
4740.891533,6.181483819e-15
4743.00723,6.21313744e-15
4745.122927,6.20426604e-15
4747.238624,6.195391253e-15
4749.354321,6.158002795e-15
4751.470018,6.120617725e-15
4753.585715,6.118073238e-15
4755.701412,6.115527481e-15
4757.817109,6.102091844e-15
4759.932806,6.088656207e-15
4762.048503,6.077039151e-15
4764.1642,6.065419976e-15
4766.279897,6.038145515e-15
4768.395594,6.010870631e-15
4770.511291,5.980887359e-15
4772.626988,5.950902816e-15
4774.742685,5.904642535e-15
4776.858382,5.858378019e-15
4778.974079,5.775041412e-15
4781.089776,5.691706922e-15
4783.205473,5.631078845e-15
4785.32117,5.570450768e-15
4787.436867,5.51312739e-15
4789.552564,5.455796388e-15
4791.668261,5.331434164e-15
4793.783958,5.207071939e-15
4795.899655,5.078945077e-15
4798.015352,4.950824144e-15
4800.131049,4.877213169e-15
4802.246746,4.803603465e-15
4804.362443,4.737910131e-15
4806.47814,4.672215526e-15
4808.593837,4.590485317e-15
4810.709534,4.508759766e-15
4812.825231,4.464419709e-15
4814.940928,4.420080499e-15
4817.056625,4.378301869e-15
4819.172322,4.336525781e-15
4821.288019,4.319929864e-15
4823.403716,4.303337336e-15
4825.519413,4.321487134e-15
4827.63511,4.339636933e-15
4829.750807,4.357608007e-15
4831.866504,4.375587976e-15
4833.982201,4.471406884e-15
4836.097898,4.567227486e-15
4838.213595,4.681427433e-15
4840.329292,4.795624415e-15
4842.444989,4.886835463e-15
4844.560686,4.978049477e-15
4846.676383,5.093655922e-15
4848.79208,5.209263214e-15
4850.907777,5.326775059e-15
4853.023474,5.444289022e-15
4855.139171,5.580736289e-15
4857.254868,5.717189061e-15
4859.370565,5.902577045e-15
4861.486262,6.087964605e-15
4863.601959,6.271290487e-15
4865.717656,6.454614675e-15
4867.833353,6.619905955e-15
4869.94905,6.785181988e-15
4872.064747,6.815124603e-15
4874.180444,6.845054088e-15
4876.296141,6.75621092e-15
4878.411838,6.667363093e-15
4880.527535,6.536856915e-15
4882.643232,6.406350737e-15
4884.758929,6.276459082e-15
4886.874626,6.146567427e-15
4888.990323,6.017421584e-15
4891.10602,5.888276164e-15
4893.221717,5.766869238e-15
4895.337414,5.645460617e-15
4897.453111,5.51404515e-15
4899.568808,5.382632647e-15
4901.684505,5.277577268e-15
4903.800202,5.172523583e-15
4905.915899,5.085232179e-15
4908.031596,4.997945857e-15
4910.147293,4.960738241e-15
4912.26299,4.923530201e-15
4914.378687,4.884766162e-15
4916.494384,4.846005087e-15
4918.610081,4.829336749e-15
4920.725778,4.812673917e-15
4922.841475,4.848715593e-15
4924.957172,4.884759809e-15
4927.072869,4.945511553e-15
4929.188566,5.006264568e-15
4931.304263,5.075816561e-15
4933.41996,5.14537533e-15
4935.535657,5.269260675e-15
4937.651354,5.393143055e-15
4939.767051,5.489736998e-15
4941.882748,5.586330941e-15
4943.998445,5.677172684e-15
4946.114142,5.768015697e-15
4948.229839,5.866269825e-15
4950.345536,5.964523106e-15
4952.461233,6.051762417e-15
4954.57693,6.139001305e-15
4956.692627,6.220389313e-15
4958.808324,6.301774779e-15
4960.924021,6.364875346e-15
4963.039718,6.427977606e-15
4965.155415,6.506244298e-15
4967.271112,6.584511836e-15
4969.386809,6.668207585e-15
4971.502506,6.751907146e-15
4973.618203,6.868561794e-15
4975.7339,6.98521263e-15
4977.849597,7.068910497e-15
4979.965294,7.152603705e-15
4982.080991,7.200627932e-15
4984.196688,7.248652159e-15
4986.312385,7.296373995e-15
4988.428082,7.344095831e-15
4990.543779,7.395971517e-15
4992.659476,7.447839579e-15
4994.775173,7.439774132e-15
4996.89087,7.43170699e-15
4999.006567,7.410112732e-15
5001.122264,7.388511698e-15
5003.237961,7.316459687e-15
5005.353658,7.244405135e-15
5007.469355,7.158383857e-15
5009.585052,7.072366815e-15
5011.700749,7.018085132e-15
5013.816446,6.96379879e-15
5015.932143,6.876432424e-15
5018.04784,6.789055046e-15
5020.163537,6.616549163e-15
5022.279234,6.444035233e-15
5024.394931,6.208878558e-15
5026.510628,5.97372866e-15
5028.626325,5.793305136e-15
5030.742022,5.61288246e-15
5032.857719,5.437205285e-15
5034.973416,5.261527264e-15
5037.089113,5.073535925e-15
5039.20481,4.885546279e-15
5041.320507,4.707411015e-15
5043.436204,4.529283798e-15
5045.551901,4.413077654e-15
5047.667598,4.296879557e-15
5049.783295,4.245604417e-15
5051.898992,4.194331819e-15
5054.014689,4.16577495e-15
5056.130386,4.137217234e-15
5058.246083,4.104992713e-15
5060.36178,4.072772427e-15
5062.477477,4.077149893e-15
5064.593174,4.081532441e-15
5066.708871,4.12722394e-15
5068.824568,4.172915861e-15
5070.940265,4.218513763e-15
5073.055962,4.264112511e-15
5075.171659,4.31754589e-15
5077.287356,4.370982234e-15
5079.403053,4.446983112e-15
5081.51875,4.522987379e-15
5083.634447,4.625119647e-15
5085.750144,4.727249798e-15
5087.865841,4.816807015e-15
5089.981538,4.906364655e-15
5092.097235,4.99991775e-15
5094.212932,5.093471692e-15
5096.328629,5.196148602e-15
5098.444326,5.298820854e-15
5100.560023,5.365145228e-15
5102.67572,5.431470449e-15
5104.791417,5.504492312e-15
5106.907114,5.577519681e-15
5109.022811,5.691858118e-15
5111.138508,5.80619486e-15
5113.254205,5.907864225e-15
5115.369902,6.009528507e-15
5117.485599,6.074612825e-15
5119.601296,6.139698836e-15
5121.716993,6.218666448e-15
5123.83269,6.297628553e-15
5125.948387,6.337669918e-15
5128.064084,6.377710859e-15
5130.179781,6.415145904e-15
5132.295478,6.452582219e-15
5134.411175,6.501231133e-15
5136.526872,6.549876235e-15
5138.642569,6.572649987e-15
5140.758266,6.595417809e-15
5142.873963,6.572571212e-15
5144.98966,6.549730122e-15
5147.105357,6.564526094e-15
5149.221054,6.579325877e-15
5151.336751,6.62368711e-15
5153.452448,6.668044108e-15
5155.568145,6.682822291e-15
5157.683842,6.697600899e-15
5159.799539,6.713564929e-15
5161.915236,6.729534041e-15
5164.030933,6.782982667e-15
5166.14663,6.836429599e-15
5168.262327,6.876868222e-15
5170.378024,6.917305575e-15
5172.493721,6.95046395e-15
5174.609418,6.983621479e-15
5176.725115,7.008268443e-15
5178.840812,7.032905244e-15
5180.956509,6.987061703e-15
5183.072206,6.941222397e-15
5185.187903,6.928636335e-15
5187.3036,6.916050696e-15
5189.419297,6.904722054e-15
5191.534994,6.893394682e-15
5193.650691,6.891200867e-15
5195.766388,6.88901044e-15
5197.882085,6.908907244e-15
5199.997782,6.928804047e-15
5202.113479,6.947503147e-15
5204.229176,6.966194623e-15
5206.344873,6.931204539e-15
5208.46057,6.896219113e-15
5210.576267,6.894442038e-15
5212.691964,6.892667504e-15
5214.807661,6.907470252e-15
5216.923358,6.922267918e-15
5219.039055,6.899870673e-15
5221.154752,6.877479357e-15
5223.270449,6.895228932e-15
5225.386146,6.912980201e-15
5227.501843,6.940028505e-15
5229.61754,6.967078925e-15
5231.733237,7.006730655e-15
5233.848934,7.046388314e-15
5235.964631,7.131594746e-15
5238.080328,7.216802026e-15
5240.196025,7.305565996e-15
5242.311722,7.394327426e-15
5244.427419,7.468375046e-15
5246.543116,7.542423514e-15
5248.658813,7.625699558e-15
5250.77451,7.708972214e-15
5252.890207,7.776801765e-15
5255.005904,7.844626234e-15
5257.121601,7.878377956e-15
5259.237298,7.912136454e-15
5261.352995,7.992216643e-15
5263.468692,8.072303608e-15
5265.584389,8.195266534e-15
5267.700086,8.318216755e-15
5269.815783,8.359509611e-15
5271.93148,8.400792303e-15
5274.047177,8.377661527e-15
5276.162874,8.354533292e-15
5278.278571,8.351026576e-15
5280.394268,8.347520707e-15
5282.509965,8.351544113e-15
5284.625662,8.355566673e-15
5286.741359,8.362555541e-15
5288.857056,8.369543563e-15
5290.972753,8.370011972e-15
5293.08845,8.370484617e-15
5295.204147,8.395468701e-15
5297.319844,8.420457867e-15
5299.435541,8.474394384e-15
5301.551238,8.528334289e-15
5303.666935,8.608549156e-15
5305.782632,8.688764023e-15
5307.898329,8.771760546e-15
5310.014026,8.85475707e-15
5312.129723,8.940143073e-15
5314.24542,9.025527382e-15
5316.361117,9.105228947e-15
5318.476814,9.18492543e-15
5320.592511,9.233426537e-15
5322.708208,9.281925102e-15
5324.823905,9.311603443e-15
5326.939602,9.341275854e-15
5329.055299,9.334431828e-15
5331.170996,9.327587802e-15
5333.286693,9.318573677e-15
5335.40239,9.309561246e-15
5337.518087,9.316289229e-15
5339.633784,9.323016365e-15
5341.749481,9.31952913e-15
5343.865178,9.316047825e-15
5345.980875,9.351639302e-15
5348.096572,9.387227391e-15
5350.212269,9.396108532e-15
5352.327966,9.404997296e-15
5354.443663,9.463615364e-15
5356.55936,9.522231738e-15
5358.675057,9.575037466e-15
5360.790754,9.627846582e-15
5362.906451,9.70316814e-15
5365.022148,9.778482921e-15
5367.137845,9.806072478e-15
5369.253542,9.833663729e-15
5371.369239,9.867927059e-15
5373.484936,9.90219293e-15
5375.600633,9.954659845e-15
5377.71633,1.000711744e-14
5379.832027,1.000435696e-14
5381.947724,1.000159563e-14
5384.063421,9.992277425e-15
5386.179118,9.982961757e-15
5388.294815,9.992992321e-15
5390.410512,1.00030051e-14
5392.526209,9.902731643e-15
5394.641906,9.802450565e-15
5396.757603,9.652410537e-15
5398.8733,9.502377285e-15
5400.988997,9.394912521e-15
5403.104694,9.287448604e-15
5405.220391,9.183713326e-15
5407.336088,9.079977201e-15
5409.451785,8.975289011e-15
5411.567482,8.870600821e-15
5413.683179,8.763978855e-15
5415.798876,8.657357735e-15
5417.914573,8.555151352e-15
5420.03027,8.452942427e-15
5422.145967,8.332607845e-15
5424.261664,8.212280038e-15
5426.377361,8.127541168e-15
5428.493058,8.042800604e-15
5430.608755,7.944765858e-15
5432.724452,7.846742123e-15
5434.840149,7.819967411e-15
5436.955846,7.793198629e-15
5439.071543,7.800345893e-15
5441.18724,7.807498239e-15
5443.302937,7.846795486e-15
5445.418634,7.886098662e-15
5447.534331,7.957463728e-15
5449.650028,8.028832184e-15
5451.765725,8.129123426e-15
5453.881422,8.229418056e-15
5455.997119,8.352364041e-15
5458.112816,8.475315956e-15
5460.228513,8.631157312e-15
5462.34421,8.786997822e-15
5464.459907,8.941493244e-15
5466.575604,9.095988665e-15
5468.691301,9.247919271e-15
5470.806998,9.39985157e-15
5472.922695,9.562561517e-15
5475.038392,9.72526977e-15
5477.154089,9.876781942e-15
5479.269786,1.002829327e-14
5481.385483,1.017367715e-14
5483.50118,1.03190585e-14
5485.616877,1.044793372e-14
5487.732574,1.057680724e-14
5489.848271,1.06957637e-14
5491.963968,1.081471592e-14
5494.079665,1.090319444e-14
5496.195362,1.099166534e-14
5498.311059,1.103589656e-14
5500.426756,1.108012692e-14
5502.542453,1.112000862e-14
5504.65815,1.115988439e-14
5506.773847,1.116180716e-14
5508.889544,1.116372399e-14
5511.005241,1.112920147e-14
5513.120938,1.109467641e-14
5515.236635,1.103828858e-14
5517.352332,1.098189905e-14
5519.468029,1.09168681e-14
5521.583726,1.085183291e-14
5523.699423,1.076339081e-14
5525.81512,1.067494448e-14
5527.930817,1.055667835e-14
5530.046514,1.043841137e-14
5532.162211,1.031980982e-14
5534.277908,1.020120657e-14
5536.393605,1.006949464e-14
5538.509302,9.937780172e-15
5540.624999,9.793275505e-15
5542.740696,9.648766602e-15
5544.856393,9.48075084e-15
5546.97209,9.312735926e-15
5549.087787,9.146779302e-15
5551.203484,8.980825218e-15
5553.319181,8.829102136e-15
5555.434878,8.677382441e-15
5557.550575,8.548579223e-15
5559.666272,8.419778546e-15
5561.781969,8.302049437e-15
5563.897666,8.184330492e-15
5566.013363,8.126577245e-15
5568.12906,8.068826538e-15
5570.244757,8.024532644e-15
5572.360454,7.98023875e-15
5574.476151,7.936122733e-15
5576.591848,7.892016881e-15
5578.707545,7.903541611e-15
5580.823242,7.915069729e-15
5582.938939,7.941953708e-15
5585.054636,7.968839381e-15
5587.170333,8.004579936e-15
5589.28603,8.040325574e-15
5591.401727,8.102424947e-15
5593.517424,8.164529403e-15
5595.633121,8.253980317e-15
5597.748818,8.343429537e-15
5599.864515,8.421907987e-15
5601.980212,8.500383896e-15
5604.095909,8.563566624e-15
5606.211606,8.626753588e-15
5608.327303,8.717796077e-15
5610.443,8.80883772e-15
5612.558697,8.895253715e-15
5614.674394,8.981667169e-15
5616.790091,9.052279224e-15
5618.905788,9.12289382e-15
5621.021485,9.2051746e-15
5623.137182,9.287452839e-15
5625.252879,9.352364362e-15
5627.368576,9.417270803e-15
5629.484273,9.447550537e-15
5631.59997,9.477829424e-15
5633.715667,9.506226203e-15
5635.831364,9.534624677e-15
5637.947061,9.568790598e-15
5640.062758,9.60295313e-15
5642.178455,9.620024233e-15
5644.294152,9.637087711e-15
5646.409849,9.612988777e-15
5648.525546,9.58888476e-15
5650.641243,9.543809902e-15
5652.75694,9.498735044e-15
5654.872637,9.453983752e-15
5656.988334,9.409229072e-15
5659.104031,9.349021123e-15
5661.219728,9.288808939e-15
5663.335425,9.204590994e-15
5665.451122,9.120371355e-15
5667.566819,9.025381693e-15
5669.682516,8.930387795e-15
5671.798213,8.817674814e-15
5673.91391,8.70496014e-15
5676.029607,8.583332985e-15
5678.145304,8.461703289e-15
5680.261001,8.327902577e-15
5682.376698,8.194097629e-15
5684.492395,8.037821744e-15
5686.608092,7.881546707e-15
5688.723789,7.725412276e-15
5690.839486,7.569278693e-15
5692.955183,7.414667228e-15
5695.07088,7.260054069e-15
5697.186577,7.094468869e-15
5699.302274,6.928884939e-15
5701.417971,6.769804105e-15
5703.533668,6.610725812e-15
5705.649365,6.464737142e-15
5707.765062,6.318751014e-15
5709.880759,6.189320144e-15
5711.996456,6.059888851e-15
5714.112153,5.926102538e-15
5716.22785,5.792316649e-15
5718.343547,5.660185438e-15
5720.459244,5.528059733e-15
5722.574941,5.424389253e-15
5724.690638,5.320720891e-15
5726.806335,5.232871716e-15
5728.922032,5.145021694e-15
5731.037729,5.053733565e-15
5733.153426,4.962446283e-15
5735.269123,4.874615743e-15
5737.38482,4.786787743e-15
5739.500517,4.713214462e-15
5741.616214,4.639644991e-15
5743.731911,4.584096994e-15
5745.847608,4.528553232e-15
5747.963305,4.495119148e-15
5750.079002,4.461688028e-15
5752.194699,4.442450639e-15
5754.310396,4.423214944e-15
5756.426093,4.411183688e-15
5758.54179,4.399153703e-15
5760.657487,4.394168067e-15
5762.773184,4.389186666e-15
5764.888881,4.408244908e-15
5767.004578,4.427307808e-15
5769.120275,4.469950834e-15
5771.235972,4.512594708e-15
5773.351669,4.562121571e-15
5775.467366,4.611650976e-15
5777.583063,4.675565965e-15
5779.69876,4.739484765e-15
5781.814457,4.822592673e-15
5783.930154,4.905703546e-15
5786.045851,5.005629717e-15
5788.161548,5.105561393e-15
5790.277245,5.235216727e-15
5792.392942,5.364877565e-15
5794.508639,5.523454839e-15
5796.624336,5.6820355e-15
5798.740033,5.856308717e-15
5800.85573,6.030584899e-15
5802.971427,6.22185595e-15
5805.087124,6.413133354e-15
5807.202821,6.636933011e-15
5809.318518,6.86073648e-15
5811.434215,7.101850761e-15
5813.549912,7.342961654e-15
5815.665609,7.565438246e-15
5817.781306,7.787912296e-15
5819.897003,7.997192115e-15
5822.0127,8.206469392e-15
5824.128397,8.406400508e-15
5826.244094,8.606324847e-15
5828.359791,8.770908431e-15
5830.475488,8.935486933e-15
5832.591185,9.075785235e-15
5834.706882,9.216080996e-15
5836.822579,9.34436583e-15
5838.938276,9.472647276e-15
5841.053973,9.584458166e-15
5843.16967,9.696265668e-15
5845.285367,9.786236661e-15
5847.401064,9.876204265e-15
5849.516761,9.94717885e-15
5851.632458,1.001815513e-14
5853.748155,1.009396373e-14
5855.863852,1.016976979e-14
5857.979549,1.023269756e-14
5860.095246,1.029562025e-14
5862.210943,1.033430594e-14
5864.32664,1.037299078e-14
5866.442337,1.040691953e-14
5868.558034,1.04408432e-14
5870.673731,1.044817004e-14
5872.789428,1.045549179e-14
5874.905125,1.044096772e-14
5877.020822,1.042643602e-14
5879.136519,1.03697043e-14
5881.252216,1.031296664e-14
5883.367913,1.022860131e-14
5885.48361,1.014423768e-14
5887.599307,1.006646057e-14
5889.715004,9.988691088e-15
5891.830701,9.949272715e-15
5893.946398,9.909862813e-15
5896.062095,9.915093242e-15
5898.177792,9.920321976e-15
5900.293489,9.919877284e-15
5902.409186,9.919436827e-15
5904.524883,9.943839846e-15
5906.64058,9.968241171e-15
5908.756277,9.985612123e-15
5910.871974,1.000298138e-14
5912.987671,1.001040562e-14
5915.103368,1.001782733e-14
5917.219065,1.001077578e-14
5919.334762,1.000372508e-14
5921.450459,1.000136863e-14
5923.566156,9.999017266e-15
5925.681853,1.001694302e-14
5927.79755,1.003486878e-14
5929.913247,1.005449792e-14
5932.028944,1.007411944e-14
5934.144641,1.005704919e-14
5936.260338,1.003997554e-14
5938.376035,1.000638899e-14
5940.491732,9.972804985e-15
5942.607429,9.956861284e-15
5944.723126,9.940920123e-15
5946.838823,9.938683109e-15
5948.95452,9.936448637e-15
5951.070217,9.951213268e-15
5953.185914,9.965975358e-15
5955.301611,9.966881683e-15
5957.417308,9.967782079e-15
5959.533005,9.939536919e-15
5961.648702,9.911292605e-15
5963.764399,9.889855895e-15
5965.880096,9.868420032e-15
5967.995793,9.850735679e-15
5970.11149,9.833053019e-15
5972.227187,9.825887967e-15
5974.342884,9.818724609e-15
5976.458581,9.822465954e-15
5978.574278,9.826200522e-15
5980.689975,9.795786957e-15
5982.805672,9.76536831e-15
5984.921369,9.711359795e-15
5987.037066,9.657353822e-15
5989.152763,9.617195142e-15
5991.26846,9.577033922e-15
5993.384157,9.523267659e-15
5995.499854,9.469498007e-15
5997.615551,9.398080425e-15
5999.731248,9.326663689e-15
6001.846945,9.254781932e-15
6003.962642,9.182901022e-15
6006.078339,9.115385719e-15
6008.194036,9.047872111e-15
6010.309733,8.991666393e-15
6012.42543,8.935460675e-15
6014.541127,8.874060951e-15
6016.656824,8.812657838e-15
6018.772521,8.738588195e-15
6020.888218,8.664523634e-15
6023.003915,8.612906293e-15
6025.119612,8.561292341e-15
6027.235309,8.52472254e-15
6029.351006,8.488150199e-15
6031.466703,8.439401759e-15
6033.5824,8.390654165e-15
6035.698097,8.345287928e-15
6037.813794,8.299926772e-15
6039.929491,8.274111749e-15
6042.045188,8.248297573e-15
6044.160885,8.220346333e-15
6046.276582,8.192391705e-15
6048.392279,8.141641725e-15
6050.507976,8.090894288e-15
6052.623673,8.047837062e-15
6054.73937,8.004783224e-15
6056.855067,7.980580952e-15
6058.970764,7.956376138e-15
6061.086461,7.925444189e-15
6063.202158,7.894516475e-15
6065.317855,7.888195068e-15
6067.433552,7.881881285e-15
6069.549249,7.916761254e-15
6071.664946,7.951646306e-15
6073.780643,8.006212169e-15
6075.89634,8.060774643e-15
6078.012037,8.102120862e-15
6080.127734,8.14346454e-15
6082.243431,8.174676857e-15
6084.359128,8.205891716e-15
6086.474825,8.24528383e-15
6088.590522,8.284678485e-15
6090.706219,8.329334062e-15
6092.821916,8.373987945e-15
6094.937613,8.404191446e-15
6097.05331,8.434395794e-15
6099.169007,8.464324009e-15
6101.284704,8.494251377e-15
6103.400401,8.515657594e-15
6105.516098,8.537059575e-15
6107.631795,8.538987422e-15
6109.747492,8.54090934e-15
6111.863189,8.520843976e-15
6113.978886,8.500776919e-15
6116.094583,8.476076591e-15
6118.21028,8.451374569e-15
6120.325977,8.416055836e-15
6122.441674,8.380734563e-15
6124.557371,8.328682694e-15
6126.673068,8.276630825e-15
6128.788765,8.228433803e-15
6130.904462,8.180237629e-15
6133.020159,8.137594602e-15
6135.135856,8.094950728e-15
6137.251553,8.048042891e-15
6139.36725,8.001134206e-15
6141.482947,7.950477401e-15
6143.598644,7.899821442e-15
6145.714341,7.856600739e-15
6147.830038,7.813385965e-15
6149.945735,7.795950639e-15
6152.061432,7.778521242e-15
6154.177129,7.787893662e-15
6156.292826,7.797267775e-15
6158.408523,7.81901704e-15
6160.52422,7.840772234e-15
6162.639917,7.889530839e-15
6164.755614,7.938291138e-15
6166.871311,7.999073375e-15
6168.987008,8.059855612e-15
6171.102705,8.120134712e-15
6173.218402,8.180414659e-15
6175.334099,8.245216914e-15
6177.449796,8.310013241e-15
6179.565493,8.349877152e-15
6181.68119,8.389767322e-15
6183.796887,8.550229243e-15
6185.912584,8.710669989e-15
6188.028281,8.778742639e-15
6190.143978,8.846816136e-15
6192.259675,8.914722767e-15
6194.375372,8.982628552e-15
6196.491069,9.047127569e-15
6198.606766,9.111624046e-15
6200.722463,9.169533148e-15
6202.83816,9.227439708e-15
6204.953857,9.275623177e-15
6207.069554,9.323804105e-15
6209.185251,9.360996475e-15
6211.300948,9.398186304e-15
6213.416645,9.42393187e-15
6215.532342,9.449674895e-15
6217.648039,9.463251139e-15
6219.763736,9.476824842e-15
6221.879433,9.479802163e-15
6223.99513,9.48277779e-15
6226.110827,9.477823494e-15
6228.226524,9.472868352e-15
6230.342221,9.463217258e-15
6232.457918,9.453565318e-15
6234.573615,9.440243184e-15
6236.689312,9.426920202e-15
6238.805009,9.408688665e-15
6240.920706,9.390455434e-15
6243.036403,9.366649573e-15
6245.1521,9.342841171e-15
6247.267797,9.313249228e-15
6249.383494,9.283656438e-15
6251.499191,9.249185585e-15
6253.614888,9.214713885e-15
6255.730585,9.175937564e-15
6257.846282,9.137159548e-15
6259.961979,9.095158573e-15
6262.077676,9.053158444e-15
6264.193373,9.010706e-15
6266.30907,8.968254402e-15
6268.424767,8.927743358e-15
6270.540464,8.887232313e-15
6272.656161,8.850861565e-15
6274.771858,8.814491665e-15
6276.887555,8.783209044e-15
6279.003252,8.751928117e-15
6281.118949,8.726557786e-15
6283.234646,8.701188302e-15
6285.350343,8.682226623e-15
6287.46604,8.66326579e-15
6289.581737,8.648636684e-15
6291.697434,8.634009272e-15
6293.813131,8.621595157e-15
6295.928828,8.609180195e-15
6298.044525,8.596702553e-15
6300.160222,8.584224911e-15
6302.275919,8.56959157e-15
6304.391616,8.554957381e-15
6306.507313,8.536266752e-15
6308.62301,8.517574429e-15
6310.738707,8.492852926e-15
6312.854404,8.468130575e-15
6314.970101,8.437675505e-15
6317.085798,8.407218742e-15
6319.201495,8.371934737e-15
6321.317192,8.336649886e-15
6323.432889,8.297549998e-15
6325.548586,8.258450957e-15
6327.664283,8.217646839e-15
6329.77998,8.176842721e-15
6331.895677,8.136829731e-15
6334.011374,8.096817589e-15
6336.127071,8.060266423e-15
6338.242768,8.023716105e-15
6340.358465,7.992581714e-15
6342.474162,7.961448171e-15
6344.589859,7.937112915e-15
6346.705556,7.912778505e-15
6348.821253,7.896706055e-15
6350.93695,7.880636146e-15
6353.052647,7.873258489e-15
6355.168344,7.865882526e-15
6357.284041,7.866554223e-15
6359.399738,7.867228462e-15
6361.515435,7.875185489e-15
6363.631132,7.883145058e-15
6365.746829,7.897540383e-15
6367.862526,7.911938249e-15
6369.978223,7.932157772e-15
6372.09392,7.95237899e-15
6374.209617,7.977585843e-15
6376.325314,8.002794391e-15
6378.441011,8.032126295e-15
6380.556708,8.061459046e-15
6382.672405,8.094081673e-15
6384.788102,8.126704299e-15
6386.903799,8.161804498e-15
6389.019496,8.196905543e-15
6391.135193,8.233763335e-15
6393.25089,8.270621126e-15
6395.366587,8.308896851e-15
6397.482284,8.347173423e-15
6399.597981,8.386513021e-15
6401.713678,8.425853467e-15
6403.829375,8.465869844e-15
6405.945072,8.505886222e-15
6408.060769,8.547071505e-15
6410.176466,8.588257635e-15
6412.292163,8.630927766e-15
6414.40786,8.673598745e-15
6416.523557,8.71813489e-15
6418.639254,8.762671036e-15
6420.754951,8.807878878e-15
6422.870648,8.853087568e-15
6424.986345,8.897641501e-15
6427.102042,8.942195434e-15
6429.217739,8.984846084e-15
6431.333436,9.027495887e-15
6433.449133,9.066242562e-15
6435.56483,9.10498839e-15
6437.680527,9.137833787e-15
6439.796224,9.170678336e-15
6441.911921,9.195689525e-15
6444.027618,9.220698173e-15
6446.143315,9.236834998e-15
6448.259012,9.252969281e-15
6450.374709,9.259773497e-15
6452.490406,9.266575171e-15
6454.606103,9.263531782e-15
6456.7218,9.260486698e-15
6458.837497,9.248745128e-15
6460.953194,9.237001863e-15
6463.068891,9.218764397e-15
6465.184588,9.200525236e-15
6467.300285,9.178099192e-15
6469.415982,9.155671453e-15
6471.531679,9.131176108e-15
6473.647376,9.106680762e-15
6475.763073,9.081861002e-15
6477.87877,9.057041243e-15
6479.994467,9.033936725e-15
6482.110164,9.010833902e-15
6484.225861,8.990771079e-15
6486.341558,8.970709951e-15
6488.457255,8.953369492e-15
6490.572952,8.936029881e-15
6492.688649,8.921189017e-15
6494.804346,8.906349e-15
6496.920043,8.894048387e-15
6499.03574,8.881748622e-15
6501.151437,8.874262544e-15
6503.267134,8.866778161e-15
6505.382831,8.865753251e-15
6507.498528,8.864730883e-15
6509.614225,8.871612178e-15
6511.729922,8.878496015e-15
6513.845619,8.893201354e-15
6515.961316,8.907909234e-15
6518.077013,8.930318338e-15
6520.19271,8.952729136e-15
6522.308407,8.982526908e-15
6524.424104,9.012326374e-15
6526.539801,9.047623084e-15
6528.655498,9.082919794e-15
6530.771195,9.121706279e-15
6532.886892,9.160492765e-15
6535.002589,9.200215222e-15
6537.118286,9.239936832e-15
6539.233983,9.280160733e-15
6541.34968,9.320384633e-15
6543.465377,9.360496726e-15
6545.581074,9.400607971e-15
6547.696771,9.440383791e-15
6549.812468,9.480157917e-15
6551.928165,9.516781928e-15
6554.043862,9.553403397e-15
6556.159559,9.583833903e-15
6558.275256,9.614261867e-15
6560.390953,9.635773116e-15
6562.50665,9.657281824e-15
6564.622347,9.667918863e-15
6566.738044,9.678551668e-15
6568.853741,9.677056655e-15
6570.969438,9.675557407e-15
6573.085135,9.660577629e-15
6575.200832,9.645594463e-15
6577.316529,9.618424187e-15
6579.432226,9.591250523e-15
6581.547923,9.55508984e-15
6583.66362,9.518927462e-15
6585.779317,9.476807055e-15
6587.895014,9.4346858e-15
6590.010711,9.390119162e-15
6592.126408,9.34555337e-15
6594.242105,9.302282692e-15
6596.357802,9.259012861e-15
6598.473499,9.221008187e-15
6600.589196,9.183005207e-15
6602.704893,9.152491692e-15
6604.82059,9.121979024e-15
6606.936287,9.096922942e-15
6609.051984,9.071866861e-15
6611.167681,9.050701201e-15
6613.283378,9.029536389e-15
6615.399075,9.010570474e-15
6617.514772,8.991605407e-15
6619.630469,8.975085723e-15
6621.746166,8.95856604e-15
6623.861863,8.944058906e-15
6625.97756,8.929551773e-15
6628.093257,8.916565064e-15
6630.208954,8.903580049e-15
6632.324651,8.89263723e-15
6634.440348,8.881696106e-15
6636.556045,8.873122438e-15
6638.671742,8.864548771e-15
6640.787439,8.858866874e-15
6642.903136,8.85318413e-15
6645.018833,8.84809092e-15
6647.13453,8.842996864e-15
6649.250227,8.836439135e-15
6651.365924,8.829880559e-15
6653.481621,8.819475606e-15
6655.597318,8.809070654e-15
6657.713015,8.794916733e-15
6659.828712,8.780762813e-15
6661.944409,8.763086929e-15
6664.060106,8.745410198e-15
6666.175803,8.724776476e-15
6668.2915,8.704141059e-15
6670.407197,8.680128522e-15
6672.522894,8.656115138e-15
6674.638591,8.628385821e-15
6676.754288,8.600654809e-15
6678.869985,8.569112149e-15
6680.985682,8.537567795e-15
6683.101379,8.50279201e-15
6685.217076,8.468016226e-15
6687.332773,8.431044931e-15
6689.44847,8.394073637e-15
6691.564167,8.355500604e-15
6693.679864,8.316928418e-15
6695.795561,8.27917023e-15
6697.911258,8.241412889e-15
6700.026955,8.208017768e-15
6702.142652,8.174624341e-15
6704.258349,8.149135426e-15
6706.374046,8.123649052e-15
6708.489743,8.107504604e-15
6710.60544,8.09136185e-15
6712.721137,8.082850016e-15
6714.836834,8.074340723e-15
6716.952531,8.072242622e-15
6719.068228,8.070146216e-15
6721.183925,8.072863497e-15
6723.299622,8.075582473e-15
6725.415319,8.081397354e-15
6727.531016,8.087212235e-15
6729.646713,8.09409946e-15
6731.76241,8.100986685e-15
6733.878107,8.107319103e-15
6735.993804,8.113652369e-15
6738.109501,8.120869089e-15
6740.225198,8.128086657e-15
6742.340895,8.137140592e-15
6744.456592,8.146194528e-15
6746.572289,8.15814108e-15
6748.687986,8.170087633e-15
6750.803683,8.183572397e-15
6752.91938,8.197058009e-15
6755.035077,8.211095886e-15
6757.150774,8.22513461e-15
6759.266471,8.238744736e-15
6761.382168,8.252354861e-15
6763.497865,8.264452185e-15
6765.613562,8.27654951e-15
6767.729259,8.286134535e-15
6769.844956,8.295718713e-15
6771.960653,8.301605592e-15
6774.07635,8.307492471e-15
6776.192047,8.310383394e-15
6778.307744,8.313274318e-15
6780.423441,8.314016318e-15
6782.539138,8.314757472e-15
6784.654835,8.314343273e-15
6786.770532,8.31392738e-15
6788.886229,8.312711888e-15
6791.001926,8.311495548e-15
6793.117623,8.309671039e-15
6795.23332,8.307845683e-15
6797.349017,8.305593423e-15
6799.464714,8.303340315e-15
6801.580411,8.300511225e-15
6803.696108,8.297681288e-15
6805.811805,8.293856934e-15
6807.927502,8.29003258e-15
6810.043199,8.284873303e-15
6812.158896,8.279713178e-15
6814.274593,8.272114446e-15
6816.39029,8.264514019e-15
6818.505987,8.252810565e-15
6820.621684,8.241104569e-15
6822.737381,8.224164757e-15
6824.853078,8.207222404e-15
6826.968775,8.183711311e-15
6829.084472,8.160197676e-15
6831.200169,8.128494927e-15
6833.315866,8.09678879e-15
6835.431563,8.055490851e-15
6837.54726,8.014190372e-15
6839.662957,7.963913884e-15
6841.778654,7.91363655e-15
6843.894351,7.860552148e-15
6846.010048,7.807468593e-15
6848.125745,7.756499233e-15
6850.241442,7.705531566e-15
6852.357139,7.661599355e-15
6854.472836,7.617671379e-15
6856.588533,7.586362501e-15
6858.70423,7.555057857e-15
6860.819927,7.541457049e-15
6862.935624,7.52786217e-15
6865.051321,7.536650137e-15
6867.167018,7.545440645e-15
6869.282715,7.564337103e-15
6871.398412,7.583234408e-15
6873.514109,7.601725984e-15
6875.629806,7.620213325e-15
6877.745503,7.62598162e-15
6879.8612,7.63174822e-15
6881.976897,7.628513401e-15
6884.092594,7.625277735e-15
6886.208291,7.616202624e-15
6888.323988,7.60712836e-15
6890.439685,7.595953455e-15
6892.555382,7.584778549e-15
6894.671079,7.573645148e-15
6896.786776,7.562513441e-15
6898.902473,7.553687358e-15
6901.01817,7.544862121e-15
6903.133867,7.541889883e-15
6905.249564,7.538919338e-15
6907.365261,7.540554959e-15
6909.480958,7.542191427e-15
6911.596655,7.546199586e-15
6913.712352,7.550208593e-15
6915.828049,7.553528963e-15
6917.943746,7.556849332e-15
6920.059443,7.560128196e-15
6922.17514,7.563407908e-15
6924.290837,7.568843318e-15
6926.406534,7.574279576e-15
6928.522231,7.583690959e-15
6930.637928,7.593103189e-15
6932.753625,7.606719243e-15
6934.869322,7.620336145e-15
6936.985019,7.636757573e-15
6939.100716,7.653179001e-15
6941.216413,7.671325834e-15
6943.33211,7.689471821e-15
6945.447807,7.707482283e-15
6947.563504,7.725491897e-15
6949.679201,7.740485228e-15
6951.794898,7.755476017e-15
6953.910595,7.764955162e-15
6956.026292,7.774432614e-15
6958.141989,7.775904757e-15
6960.257686,7.777375207e-15
6962.373383,7.767937565e-15
6964.48908,7.758495689e-15
6966.604777,7.735874827e-15
6968.720474,7.71324973e-15
6970.836171,7.676341117e-15
6972.951868,7.639430809e-15
6975.067565,7.592579722e-15
6977.183262,7.545726942e-15
6979.298959,7.492971189e-15
6981.414656,7.440215436e-15
6983.530353,7.385942647e-15
6985.64605,7.331671552e-15
6987.761747,7.282997651e-15
6989.877444,7.23432629e-15
6991.993141,7.19781917e-15
6994.108838,7.161317133e-15
6996.224535,7.143945334e-15
6998.340232,7.126578617e-15
7000.455929,7.126527795e-15
7002.571626,7.126480362e-15
7004.687323,7.141471151e-15
7006.80302,7.156465328e-15
7008.918717,7.183167194e-15
7011.034414,7.209871602e-15
7013.150111,7.246354158e-15
7015.265808,7.282838408e-15
7017.381505,7.326742667e-15
7019.497202,7.370649467e-15
7021.612899,7.419362332e-15
7023.728596,7.468075197e-15
7025.844293,7.51831018e-15
7027.95999,7.568545163e-15
7030.075687,7.617058128e-15
7032.191384,7.665569399e-15
7034.307081,7.709149244e-15
7036.422778,7.752727395e-15
7038.538475,7.789757134e-15
7040.654172,7.826785179e-15
7042.769869,7.856759134e-15
7044.885566,7.886730548e-15
7047.001263,7.908810156e-15
7049.11696,7.930887223e-15
7051.232657,7.946171085e-15
7053.348354,7.961454101e-15
7055.464051,7.972739968e-15
7057.579748,7.984026682e-15
7059.695445,7.994460434e-15
7061.811142,8.004895032e-15
7063.926839,8.015574424e-15
7066.042536,8.026252968e-15
7068.158233,8.033948263e-15
7070.27393,8.041641863e-15
7072.389627,8.044112658e-15
7074.505324,8.046580912e-15
7076.621021,8.042121283e-15
7078.736718,8.037660808e-15
7080.852415,8.027379522e-15
7082.968112,8.017096542e-15
7085.083809,8.001608545e-15
7087.199506,7.9861197e-15
7089.315203,7.966482935e-15
7091.4309,7.946845323e-15
7093.546597,7.926184496e-15
7095.662294,7.905524515e-15
7097.777991,7.886753418e-15
7099.893688,7.867984015e-15
7102.009385,7.854045241e-15
7104.125082,7.840108161e-15
7106.240779,7.831978338e-15
7108.356476,7.82385021e-15
7110.472173,7.822412795e-15
7112.58787,7.820977922e-15
7114.703567,7.827013031e-15
7116.819264,7.833049835e-15
7118.934961,7.84520984e-15
7121.050658,7.857371539e-15
7123.166355,7.874087734e-15
7125.282052,7.890804777e-15
7127.397749,7.91007647e-15
7129.513446,7.929348164e-15
7131.629143,7.950396933e-15
7133.74484,7.971445701e-15
7135.860537,7.993577825e-15
7137.976234,8.015709949e-15
7140.091931,8.038439231e-15
7142.207628,8.06116936e-15
7144.323325,8.083471738e-15
7146.439022,8.105774115e-15
7148.554719,8.126741569e-15
7150.670416,8.147707328e-15
7152.786113,8.166224316e-15
7154.90181,8.184740456e-15
7157.017507,8.201742101e-15
7159.133204,8.218744594e-15
7161.248901,8.236328151e-15
7163.364598,8.253912555e-15
7165.480295,8.273578118e-15
7167.595992,8.293245376e-15
7169.711689,8.316717506e-15
7171.827386,8.340192178e-15
7173.943083,8.369122588e-15
7176.05878,8.398055539e-15
7178.174477,8.434483038e-15
7180.290174,8.470912231e-15
7182.405871,8.513724664e-15
7184.521568,8.556537098e-15
7186.637265,8.598210272e-15
7188.752962,8.639880058e-15
7190.868659,8.67441952e-15
7192.984356,8.708955594e-15
7195.100053,8.731186821e-15
7197.21575,8.75341466e-15
7199.331447,8.761821462e-15
7201.447144,8.770224029e-15
7203.562841,8.762960721e-15
7205.678538,8.755692331e-15
7207.794235,8.732353186e-15
7209.909932,8.709012346e-15
7212.025629,8.681554926e-15
7214.141326,8.654100047e-15
7216.257023,8.632827661e-15
7218.37272,8.611561205e-15
7220.488417,8.607162563e-15
7222.604114,8.602769003e-15
7224.719811,8.615237328e-15
7226.835508,8.627709888e-15
7228.951205,8.657131578e-15
7231.066902,8.686558349e-15
7233.182599,8.733485669e-15
7235.298296,8.780415529e-15
7237.413993,8.835276159e-15
7239.52969,8.890136789e-15
7241.645387,8.943336387e-15
7243.761084,8.99653175e-15
7245.876781,9.035974687e-15
7247.992478,9.075415082e-15
7250.108175,9.1033011e-15
7252.223872,9.131185425e-15
7254.339569,9.151706492e-15
7256.455266,9.172227559e-15
7258.570963,9.189588347e-15
7260.68666,9.206949134e-15
7262.802357,9.223895722e-15
7264.918054,9.240844004e-15
7267.033751,9.259423672e-15
7269.149448,9.278005034e-15
7271.265145,9.301810895e-15
7273.380842,9.325617603e-15
7275.496539,9.352877664e-15
7277.612236,9.380136032e-15
7279.727933,9.405762166e-15
7281.84363,9.43138576e-15
7283.959327,9.450490588e-15
7286.075024,9.469592028e-15
7288.190721,9.479160959e-15
7290.306418,9.488727349e-15
7292.422115,9.488477475e-15
7294.537812,9.488225059e-15
7296.653509,9.477036601e-15
7298.769206,9.465843907e-15
7300.884903,9.444093795e-15
7303.0006,9.422341989e-15
7305.116297,9.393331111e-15
7307.231994,9.364318538e-15
7309.347691,9.331326605e-15
7311.463388,9.298333825e-15
7313.579085,9.264058636e-15
7315.694782,9.229782601e-15
7317.810479,9.19206253e-15
7319.926176,9.154341612e-15
7322.041873,9.112061115e-15
7324.15757,9.069778077e-15
7326.273267,9.021887682e-15
7328.388964,8.973995592e-15
7330.504661,8.922790756e-15
7332.620358,8.87158592e-15
7334.736055,8.818969928e-15
7336.851752,8.766353935e-15
7338.967449,8.714437592e-15
7341.083146,8.662522942e-15
7343.198843,8.613254424e-15
7345.31454,8.563986753e-15
7347.430237,8.519375221e-15
7349.545934,8.474765384e-15
7351.661631,8.436473566e-15
7353.777328,8.398185135e-15
7355.893025,8.36888796e-15
7358.008722,8.339594172e-15
7360.124419,8.32148122e-15
7362.240116,8.303372502e-15
7364.355813,8.298667234e-15
7366.47151,8.293966201e-15
7368.587207,8.301384516e-15
7370.702904,8.308806219e-15
7372.818601,8.326094161e-15
7374.934298,8.343383798e-15
7377.049995,8.368466984e-15
7379.165692,8.393551018e-15
7381.281389,8.422648294e-15
7383.397086,8.45174557e-15
7385.512783,8.480681062e-15
7387.62848,8.509614861e-15
7389.744177,8.533661279e-15
7391.859874,8.557706003e-15
7393.975571,8.575514871e-15
7396.091268,8.593322892e-15
7398.206965,8.606060573e-15
7400.322662,8.618797408e-15
7402.438359,8.627451543e-15
7404.554056,8.636103985e-15
7406.669753,8.641870585e-15
7408.78545,8.647635491e-15
7410.901147,8.651581818e-15
7413.016844,8.655528144e-15
7415.132541,8.659042484e-15
7417.248238,8.662556824e-15
7419.363935,8.666756413e-15
7421.479632,8.670956002e-15
7423.595329,8.676188125e-15
7425.711026,8.681421941e-15
7427.826723,8.688173641e-15
7429.94242,8.694926188e-15
7432.058117,8.703266921e-15
7434.173814,8.711608502e-15
7436.289511,8.719827262e-15
7438.405208,8.728046023e-15
7440.520905,8.734659656e-15
7442.636602,8.741272442e-15
7444.752299,8.744802029e-15
7446.867996,8.748330768e-15
7448.983693,8.749488662e-15
7451.09939,8.750646556e-15
7453.215087,8.749866439e-15
7455.330784,8.749087168e-15
7457.446481,8.74677138e-15
7459.562178,8.744455592e-15
7461.677875,8.741751863e-15
7463.793572,8.739048981e-15
7465.909269,8.736931399e-15
7468.024966,8.734813816e-15
7470.140663,8.734416558e-15
7472.25636,8.734020146e-15
7474.372057,8.73401337e-15
7476.487754,8.734007441e-15
7478.603451,8.732799572e-15
7480.719148,8.731590856e-15
7482.834845,8.727689422e-15
7484.950542,8.723786294e-15
7487.066239,8.715014421e-15
7489.181936,8.706240007e-15
7491.297633,8.690456395e-15
7493.41333,8.674668548e-15
7495.529027,8.649216055e-15
7497.644724,8.623761021e-15
7499.760421,8.588780254e-15
7501.876118,8.553796099e-15
7503.991815,8.510551679e-15
7506.107512,8.467304718e-15
7508.223209,8.417337397e-15
7510.338906,8.367367536e-15
7512.454603,8.310961918e-15
7514.5703,8.254552911e-15
7516.685997,8.19101697e-15
7518.801694,8.127478488e-15
7520.917391,8.056485268e-15
7523.033088,7.985489508e-15
7525.148785,7.907069503e-15
7527.264482,7.828646958e-15
7529.380179,7.74342782e-15
7531.495876,7.658206988e-15
7533.611573,7.566433509e-15
7535.72727,7.47465749e-15
7537.842967,7.376984426e-15
7539.958664,7.279310516e-15
7542.074361,7.177736866e-15
7544.190058,7.076163216e-15
7546.305755,6.972561769e-15
7548.421452,6.868959899e-15
7550.537149,6.76448982e-15
7552.652846,6.660018047e-15
7554.768543,6.550287046e-15
7556.88424,6.440553504e-15
7558.999937,6.322840489e-15
7561.115634,6.205124085e-15
7563.231331,6.077524924e-15
7565.347028,5.949921952e-15
7567.462725,5.810619337e-15
7569.578422,5.67131291e-15
7571.694119,5.519702483e-15
7573.809816,5.368086973e-15
7575.925513,5.202549207e-15
7578.04121,5.037013558e-15
7580.156907,4.877462197e-15
7582.272604,4.717918883e-15
7584.388301,4.582608334e-15
7586.503998,4.447312185e-15
7588.619695,4.354884797e-15
7590.735392,4.262473502e-15
7592.851089,4.218362567e-15
7594.966786,4.174268997e-15
7597.082483,4.180663672e-15
7599.19818,4.187077405e-15
7601.313877,4.251157565e-15
7603.429574,4.315249584e-15
7605.545271,4.414312205e-15
7607.660968,4.513377366e-15
7609.776665,4.620158151e-15
7611.892362,4.726930043e-15
7614.008059,4.806562151e-15
7616.123756,4.886186636e-15
7618.239453,4.942210666e-15
7620.35515,4.998233002e-15
7622.470847,5.050575826e-15
7624.586544,5.102923309e-15
7626.702241,5.1708202e-15
7628.817938,5.238724713e-15
7630.933635,5.329287782e-15
7633.049332,5.41985678e-15
7635.165029,5.528619199e-15
7637.280726,5.63738797e-15
7639.396423,5.764247671e-15
7641.51212,5.891111607e-15
7643.627817,6.031637761e-15
7645.743514,6.172164762e-15
7647.859211,6.316348828e-15
7649.974908,6.4605312e-15
7652.090605,6.598204124e-15
7654.206302,6.735872812e-15
7656.321999,6.85985726e-15
7658.437696,6.983838319e-15
7660.553393,7.098185649e-15
7662.66909,7.212530439e-15
7664.784787,7.319298942e-15
7666.900484,7.426065751e-15
7669.016181,7.52795365e-15
7671.131878,7.629840702e-15
7673.247575,7.727800909e-15
7675.363272,7.82576027e-15
7677.478969,7.921555461e-15
7679.594666,8.017348958e-15
7681.710363,8.112825665e-15
7683.82606,8.208301524e-15
7685.941757,8.300607787e-15
7688.057454,8.392911508e-15
7690.173151,8.479710362e-15
7692.288848,8.566505829e-15
7694.404545,8.645065593e-15
7696.520242,8.72362197e-15
7698.635939,8.794589778e-15
7700.751636,8.865555893e-15
7702.867333,8.929477234e-15
7704.98303,8.993397728e-15
7707.098727,9.05062158e-15
7709.214424,9.107843738e-15
7711.330121,9.159831232e-15
7713.445818,9.211817032e-15
7715.561515,9.259986102e-15
7717.677212,9.308155172e-15
7719.792909,9.354616623e-15
7721.908606,9.401077227e-15
7724.024303,9.444458019e-15
7726.14,9.487837118e-15
7728.255697,9.52604508e-15
7730.371394,9.564251348e-15
7732.487091,9.595080806e-15
7734.602788,9.62590857e-15
7736.718485,9.648845376e-15
7738.834182,9.67177964e-15
7740.949879,9.687286272e-15
7743.065576,9.702790363e-15
7745.181273,9.711043852e-15
7747.29697,9.7192948e-15
7749.412667,9.721340384e-15
7751.528364,9.723385969e-15
7753.644061,9.720991407e-15
7755.759758,9.718596845e-15
7757.875455,9.713512106e-15
7759.991152,9.70842652e-15
7762.106849,9.702122901e-15
7764.222546,9.695819282e-15
7766.338243,9.689091299e-15
7768.45394,9.682363316e-15
7770.569637,9.676168117e-15
7772.685334,9.669972918e-15
7774.801031,9.664718773e-15
7776.916728,9.659464628e-15
7779.032425,9.653935197e-15
7781.148122,9.648404918e-15
7783.263819,9.641533787e-15
7785.379516,9.634661809e-15
7787.495213,9.62541475e-15
7789.61091,9.616166844e-15
7791.726607,9.605401903e-15
7793.842304,9.594636114e-15
7795.958001,9.582850498e-15
7798.073698,9.571065728e-15
7800.189395,9.558836266e-15
7802.305092,9.546605958e-15
7804.420789,9.533900464e-15
7806.536486,9.521194969e-15
7808.652183,9.508088829e-15
7810.76788,9.494982688e-15
7812.883577,9.481661401e-15
7814.999274,9.468340113e-15
7817.114971,9.454321718e-15
7819.230668,9.440302476e-15
7821.346365,9.425149903e-15
7823.462062,9.409996484e-15
7825.577759,9.392799174e-15
7827.693456,9.375601864e-15
7829.809153,9.357778597e-15
7831.92485,9.339954483e-15
7834.040547,9.322900321e-15
7836.156244,9.30584616e-15
7838.271941,9.291560949e-15
7840.387638,9.277275739e-15
7842.503335,9.26419755e-15
7844.619032,9.251118514e-15
7846.734729,9.236869726e-15
7848.850426,9.222619244e-15
7850.966123,9.204719743e-15
7853.08182,9.186818549e-15
7855.197517,9.164479749e-15
7857.313214,9.142138408e-15
7859.428911,9.115604254e-15
7861.544608,9.089069253e-15
7863.660305,9.058276217e-15
7865.776002,9.027481487e-15
7867.891699,8.99318597e-15
7870.007396,8.958889606e-15
7872.123093,8.922590856e-15
7874.23879,8.886292106e-15
7876.354487,8.849618968e-15
7878.470184,8.812946676e-15
7880.585881,8.776965564e-15
7882.701578,8.740984451e-15
7884.817275,8.705451419e-15
7886.932972,8.669918387e-15
7889.048669,8.634802942e-15
7891.164366,8.599687497e-15
7893.280063,8.564965076e-15
7895.39576,8.530242654e-15
7897.511457,8.496489238e-15
7899.627154,8.462736669e-15
7901.742851,8.430230933e-15
7903.858548,8.397726043e-15
7905.974245,8.366618758e-15
7908.089942,8.335511473e-15
7910.205639,8.30560274e-15
7912.321336,8.275694854e-15
7914.437033,8.246797478e-15
7916.55273,8.217900102e-15
7918.668427,8.189930227e-15
7920.784124,8.161960352e-15
7922.899821,8.132843594e-15
7925.015518,8.103725143e-15
7927.131215,8.071764895e-15
7929.246912,8.039802954e-15
7931.362609,8.003093393e-15
7933.478306,7.966383832e-15
7935.594003,7.926589378e-15
7937.7097,7.886794076e-15
7939.825397,7.845718907e-15
7941.941094,7.804644585e-15
7944.056791,7.764072554e-15
7946.172488,7.723502217e-15
7948.288185,7.68559241e-15
7950.403882,7.647684298e-15
7952.519579,7.614467901e-15
7954.635276,7.581254892e-15
7956.750973,7.555223028e-15
7958.86667,7.529193706e-15
7960.982367,7.509872884e-15
7963.098064,7.490553757e-15
7965.213761,7.476476069e-15
7967.329458,7.462398382e-15
7969.445155,7.451793529e-15
7971.560852,7.441188677e-15
7973.676549,7.433078336e-15
7975.792246,7.424967996e-15
7977.907943,7.418799902e-15
7980.02364,7.412631808e-15
7982.139337,7.407707158e-15
7984.255034,7.402782509e-15
7986.370731,7.397984914e-15
7988.486428,7.39318732e-15
7990.602125,7.386965863e-15
7992.717822,7.380743559e-15
7994.833519,7.371788726e-15
7996.949216,7.362833047e-15
7999.064913,7.350288489e-15
8001.18061,7.337742237e-15
8003.296307,7.321622353e-15
8005.412004,7.305499928e-15
8007.527701,7.28577846e-15
8009.643398,7.266055298e-15
8011.759095,7.243203196e-15
8013.874792,7.2203494e-15
8015.990489,7.196355497e-15
8018.106186,7.172361595e-15
8020.221883,7.148969933e-15
8022.33758,7.125579118e-15
8024.453277,7.104436753e-15
8026.568974,7.083295234e-15
8028.684671,7.065052685e-15
8030.800368,7.046811407e-15
8032.916065,7.032028988e-15
8035.031762,7.017248263e-15
8037.147459,7.006332126e-15
8039.263156,6.995416836e-15
8041.378853,6.98603764e-15
8043.49455,6.976657597e-15
8045.610247,6.966550377e-15
8047.725944,6.956441462e-15
8049.841641,6.943249771e-15
8051.957338,6.930056809e-15
8054.073035,6.912088699e-15
8056.188732,6.894118472e-15
8058.304429,6.869905188e-15
8060.420126,6.845688939e-15
8062.535823,6.813013373e-15
8064.65152,6.780335265e-15
8066.767217,6.741455606e-15
8068.882914,6.702574676e-15
8070.998611,6.660165431e-15
8073.114308,6.617756185e-15
8075.230005,6.575238519e-15
8077.345702,6.53272043e-15
8079.461399,6.489062234e-15
8081.577096,6.445402344e-15
8083.692793,6.398056591e-15
8085.80849,6.350708296e-15
8087.924187,6.297390537e-15
8090.039884,6.244069813e-15
8092.155581,6.182640866e-15
8094.271278,6.121208531e-15
8096.386975,6.049789254e-15
8098.502672,5.978365318e-15
8100.618369,5.894853375e-15
8102.734066,5.81133635e-15
8104.849763,5.714806358e-15
8106.96546,5.61827213e-15
8109.081157,5.509290754e-15
8111.196854,5.400305142e-15
8113.312551,5.279674521e-15
8115.428248,5.159040089e-15
8117.543945,5.027747865e-15
8119.659642,4.896452252e-15
8121.775339,4.755104052e-15
8123.891036,4.613752888e-15
8126.006733,4.463444774e-15
8128.12243,4.313134119e-15
8130.238127,4.155674082e-15
8132.353824,3.998213199e-15
8134.469521,3.837894002e-15
8136.585218,3.677575653e-15
8138.700915,3.518372634e-15
8140.816612,3.359171521e-15
8142.932309,3.205076111e-15
8145.048006,3.050983877e-15
8147.163703,2.905030994e-15
8149.2794,2.759082135e-15
8151.395097,2.624170539e-15
8153.510794,2.489264025e-15
8155.626491,2.368031376e-15
8157.742188,2.246804021e-15
8159.857885,2.139380761e-15
8161.973582,2.031962796e-15
8164.089279,1.938164485e-15
8166.204976,1.844371044e-15
8168.320673,1.763434822e-15
8170.43637,1.682503365e-15
8172.552067,1.614034939e-15
8174.667764,1.54557096e-15
8176.783461,1.488811388e-15
8178.899158,1.432055946e-15
8181.014855,1.386234957e-15
8183.130552,1.340417357e-15
8185.246249,1.303490215e-15
8187.361946,1.266565719e-15
8189.477643,1.236354701e-15
8191.59334,1.206145377e-15
8193.709037,1.180165923e-15
8195.824734,1.15418774e-15
8197.940431,1.131749308e-15
8200.056128,1.109312358e-15
8202.171825,1.090438241e-15
8204.287522,1.071565394e-15
8206.403219,1.056258026e-15
8208.518916,1.040952035e-15
8210.634613,1.029133278e-15
8212.75031,1.017315686e-15
8214.866007,1.008811264e-15
8216.981704,1.000308112e-15
8219.097401,9.951811273e-16
8221.213098,9.900554133e-16
8223.328795,9.880047465e-16
8225.444492,9.859549268e-16
8227.560189,9.861610735e-16
8229.675886,9.863678554e-16
8231.791583,9.881433423e-16
8233.90728,9.899193586e-16
8236.022977,9.927307669e-16
8238.138674,9.955425986e-16
8240.254371,9.993124246e-16
8242.370068,1.003082462e-15
8244.485765,1.007613453e-15
8246.601462,1.012144762e-15
8248.717159,1.017373814e-15
8250.832856,1.022603395e-15
8252.948553,1.029153501e-15
8255.06425,1.035704454e-15
8257.179947,1.044136455e-15
8259.295644,1.052569515e-15
8261.411341,1.063460559e-15
8263.527038,1.074352026e-15
8265.642735,1.086284391e-15
8267.758432,1.09821665e-15
8269.874129,1.110092158e-15
8271.989826,1.121967242e-15
8274.105523,1.132527202e-15
8276.22122,1.143087056e-15
8278.336917,1.153276015e-15
8280.452614,1.16346508e-15
8282.568311,1.174107414e-15
8284.684008,1.184750383e-15
8286.799705,1.19677571e-15
8288.915402,1.208801778e-15
8291.031099,1.22257104e-15
8293.146796,1.236341148e-15
8295.262493,1.252173359e-15
8297.37819,1.268006628e-15
8299.493887,1.28633748e-15
8301.609584,1.304669179e-15
8303.725281,1.325212057e-15
8305.840978,1.345755676e-15
8307.956675,1.368054877e-15
8310.072372,1.390354502e-15
8312.188069,1.413827056e-15
8314.303766,1.437300033e-15
8316.419463,1.461755886e-15
8318.53516,1.486212056e-15
8320.650857,1.511600386e-15
8322.766554,1.536988928e-15
8324.882251,1.563368287e-15
8326.997948,1.589747858e-15
8329.113645,1.616793514e-15
8331.229342,1.643839276e-15
8333.345039,1.670992294e-15
8335.460736,1.698145205e-15
8337.576433,1.724827272e-15
8339.69213,1.751509234e-15
8341.807827,1.777899498e-15
8343.923524,1.80429008e-15
8346.039221,1.831703666e-15
8348.154918,1.859118099e-15
8350.270615,1.888618986e-15
8352.386312,1.918120932e-15
8354.502009,1.950615445e-15
8356.617706,1.983111441e-15
8358.733403,2.01889096e-15
8360.8491,2.054672172e-15
8362.964797,2.094253598e-15
8365.080494,2.133836507e-15
8367.196191,2.177407246e-15
8369.311888,2.220978621e-15
8371.427585,2.266391022e-15
8373.543282,2.311803635e-15
8375.658979,2.357294598e-15
8377.774676,2.402785138e-15
8379.890373,2.446576741e-15
8382.00607,2.49036898e-15
8384.121767,2.535069026e-15
8386.237464,2.579770131e-15
8388.353161,2.627414675e-15
8390.468858,2.675061338e-15
8392.584555,2.727811161e-15
8394.700252,2.780563315e-15
8396.815949,2.838900591e-15
8398.931646,2.897240197e-15
8401.047343,2.961574679e-15
8403.16304,3.025911913e-15
8405.278737,3.097192489e-15
8407.394434,3.168474758e-15
8409.510131,3.243792293e-15
8411.625828,3.319110039e-15
8413.741525,3.395512411e-15
8415.857222,3.471913724e-15
8417.972919,3.545645612e-15
8420.088616,3.619376866e-15
8422.204313,3.691591507e-15
8424.32001,3.763806571e-15
8426.435707,3.836734414e-15
8428.551404,3.909663104e-15
8430.667101,3.985666946e-15
8432.782798,4.061672483e-15
8434.898495,4.142088521e-15
8437.014192,4.222506252e-15
8439.129889,4.308191258e-15
8441.245586,4.393879229e-15
8443.361283,4.486025826e-15
8445.47698,4.57817581e-15
8447.592677,4.677348969e-15
8449.708374,4.776525092e-15
8451.824071,4.882729048e-15
8453.939768,4.988935121e-15
8456.055465,5.102072041e-15
8458.171162,5.215211926e-15
8460.286859,5.335228448e-15
8462.402556,5.455247934e-15
8464.518253,5.582307958e-15
8466.63395,5.709370524e-15
8468.749647,5.843326243e-15
8470.865344,5.977284504e-15
8472.981041,6.117912725e-15
8475.096738,6.258543912e-15
8477.212435,6.40577052e-15
8479.328132,6.552999669e-15
8481.443829,6.706782736e-15
8483.559526,6.860568344e-15
8485.675223,7.020573715e-15
8487.79092,7.180579509e-15
8489.906617,7.343225081e-15
8492.022314,7.505869807e-15
8494.138011,7.668319715e-15
8496.253708,7.830767081e-15
8498.369405,7.990323525e-15
8500.485102,8.149879968e-15
8502.600799,8.309101833e-15
8504.716496,8.468325393e-15
8506.832193,8.629340427e-15
8508.94789,8.790357155e-15
8511.063587,8.954993255e-15
8513.179284,9.119631896e-15
8515.294981,9.292228411e-15
8517.410678,9.464830009e-15
8519.526375,9.649045275e-15
8521.642072,9.833267318e-15
8523.757769,1.003363042e-14
8525.873466,1.023399776e-14
8527.989163,1.044564334e-14
8530.10486,1.065729062e-14
8532.220557,1.087421999e-14
8534.336254,1.109114851e-14
8536.451951,1.130723424e-14
8538.567648,1.152331658e-14
8540.683345,1.173301399e-14
8542.799042,1.194270716e-14
8544.914739,1.214104585e-14
8547.030436,1.233937777e-14
8549.146133,1.252048443e-14
8551.26183,1.270158346e-14
8553.377527,1.286527342e-14
8555.493224,1.302895746e-14
8557.608921,1.317817756e-14
8559.724618,1.332739257e-14
8561.840315,1.346501086e-14
8563.956012,1.360262661e-14
8566.071709,1.373175086e-14
8568.187406,1.386087256e-14
8570.303103,1.398438945e-14
8572.4188,1.410790464e-14
8574.534497,1.422897106e-14
8576.650194,1.435003578e-14
8578.765891,1.447034326e-14
8580.881588,1.459064904e-14
8582.997285,1.470932683e-14
8585.112982,1.482800461e-14
8587.228679,1.494463936e-14
8589.344376,1.50612741e-14
8591.460073,1.51738956e-14
8593.57577,1.528651371e-14
8595.691467,1.538858288e-14
8597.807164,1.549064527e-14
8599.922861,1.557645648e-14
8602.038558,1.566226092e-14
8604.154255,1.572691325e-14
8606.269952,1.57915588e-14
8608.385649,1.583701567e-14
8610.501346,1.588246577e-14
8612.617043,1.591021457e-14
8614.73274,1.593795659e-14
8616.848437,1.595015725e-14
8618.964134,1.596235453e-14
8621.079831,1.596440096e-14
8623.195528,1.596644569e-14
8625.311225,1.596359628e-14
8627.426922,1.596074516e-14
8629.542619,1.595817188e-14
8631.658316,1.595560029e-14
8633.774013,1.595646934e-14
8635.88971,1.595734178e-14
8638.005407,1.59639605e-14
8640.121104,1.59705843e-14
8642.236801,1.598638146e-14
8644.352498,1.600217863e-14
8646.468195,1.602010523e-14
8648.583892,1.603802845e-14
8650.699589,1.605005971e-14
8652.815286,1.606208588e-14
8654.930983,1.605896033e-14
8657.04668,1.605582631e-14
8659.162377,1.603597694e-14
8661.278074,1.601612248e-14
8663.393771,1.598050305e-14
8665.509468,1.594487685e-14
8667.625165,1.589384142e-14
8669.740862,1.584280091e-14
8671.856559,1.577960717e-14
8673.972256,1.571641004e-14
8676.087953,1.564592673e-14
8678.20365,1.557544004e-14
8680.319347,1.550294757e-14
8682.435044,1.54304551e-14
8684.550741,1.535969905e-14
8686.666438,1.52889447e-14
8688.782135,1.522168012e-14
8690.897832,1.515441554e-14
8693.013529,1.50926194e-14
8695.129226,1.503082665e-14
8697.244923,1.497502921e-14
8699.36062,1.491923345e-14
8701.476317,1.486767964e-14
8703.592014,1.481612582e-14
8705.707711,1.476714022e-14
8707.823408,1.471815461e-14
8709.939105,1.466933501e-14
8712.054802,1.462051373e-14
8714.170499,1.456774527e-14
8716.286196,1.451497342e-14
8718.401893,1.445429029e-14
8720.51759,1.439360038e-14
8722.633287,1.432150432e-14
8724.748984,1.424940318e-14
8726.864681,1.416839549e-14
8728.980378,1.408738442e-14
8731.096075,1.399927181e-14
8733.211772,1.391115667e-14
8735.327469,1.381813636e-14
8737.443166,1.372511351e-14
8739.558863,1.362715923e-14
8741.67456,1.352920326e-14
8743.790257,1.342663434e-14
8745.905954,1.332406458e-14
8748.021651,1.32177035e-14
8750.137348,1.311133903e-14
8752.253045,1.299887932e-14
8754.368742,1.288641536e-14
8756.484439,1.276574959e-14
8758.600136,1.264507789e-14
8760.715833,1.251285351e-14
8762.83153,1.238062489e-14
8764.947227,1.224020376e-14
8767.062924,1.209978095e-14
8769.178621,1.195493747e-14
8771.294318,1.181009483e-14
8773.410015,1.166536994e-14
8775.525712,1.152064504e-14
8777.641409,1.137460894e-14
8779.757106,1.122857029e-14
8781.872803,1.107789414e-14
8783.9885,1.09272146e-14
8786.104197,1.076990534e-14
8788.219894,1.061259099e-14
8790.335591,1.044465146e-14
8792.451288,1.027670431e-14
8794.566985,1.009369014e-14
8796.682682,9.910665801e-15
8798.798379,9.707160206e-15
8800.914076,9.503646141e-15
8803.029773,9.281659981e-15
8805.14547,9.059669586e-15
8807.261167,8.829745881e-15
8809.376864,8.599823022e-15
8811.492561,8.371428212e-15
8813.608258,8.143037636e-15
8815.723955,7.923975434e-15
8817.839652,7.704919161e-15
8819.955349,7.497543473e-15
8822.071046,7.290173714e-15
8824.186743,7.09815558e-15
8826.30244,6.906144646e-15
8828.418137,6.731724045e-15
8830.533834,6.55731022e-15
8832.649531,6.398822732e-15
8834.765228,6.240341174e-15
8836.880925,6.09603217e-15
8838.996622,5.951728673e-15
8841.112319,5.81940815e-15
8843.228016,5.687093557e-15
8845.343713,5.568243823e-15
8847.45941,5.449400019e-15
8849.575107,5.34460002e-15
8851.690804,5.239806375e-15
8853.806501,5.149651576e-15
8855.922198,5.05950313e-15
8858.037895,4.982425673e-15
8860.153592,4.905353298e-15
8862.269289,4.839958966e-15
8864.384986,4.774569717e-15
8866.500683,4.71947827e-15
8868.61638,4.664390635e-15
8870.732077,4.618403099e-15
8872.847774,4.572418951e-15
8874.963471,4.534454934e-15
8877.079168,4.496493459e-15
8879.194865,4.465125711e-15
8881.310562,4.433761352e-15
8883.426259,4.409859352e-15
8885.541956,4.385961165e-15
8887.657653,4.370672644e-15
8889.77335,4.355388781e-15
8891.889047,4.350041462e-15
8894.004744,4.344698378e-15
8896.120441,4.349182571e-15
8898.236138,4.353670998e-15
8900.351835,4.367268842e-15
8902.467532,4.38087092e-15
8904.583229,4.402997115e-15
8906.698926,4.425126698e-15
8908.814623,4.454471307e-15
8910.93032,4.483817611e-15
8913.046017,4.518584078e-15
8915.161714,4.553352239e-15
8917.277411,4.591768995e-15
8919.393108,4.630187022e-15
8921.508805,4.670524425e-15
8923.624502,4.710862251e-15
8925.740199,4.751557949e-15
8927.855896,4.792253647e-15
8929.971593,4.832018456e-15
8932.08729,4.871782417e-15
8934.202987,4.909708741e-15
8936.318684,4.947634641e-15
8938.434381,4.983271012e-15
8940.550078,5.018906535e-15
8942.665775,5.051958607e-15
8944.781472,5.085009833e-15
8946.897169,5.116137447e-15
8949.012866,5.147265908e-15
8951.128563,5.181021865e-15
8953.24426,5.21478121e-15
8955.359957,5.25499791e-15
8957.475654,5.295219693e-15
8959.591351,5.345525404e-15
8961.707048,5.39583662e-15
8963.822745,5.457917782e-15
8965.938442,5.520004874e-15
8968.054139,5.595309491e-15
8970.169836,5.670620884e-15
8972.285533,5.760524538e-15
8974.40123,5.850432003e-15
8976.516927,5.949046967e-15
8978.632624,6.047663624e-15
8980.748321,6.149374917e-15
8982.864018,6.25108494e-15
8984.979715,6.349538967e-15
8987.095412,6.447990877e-15
8989.211109,6.541783259e-15
8991.326806,6.635573523e-15
8993.442503,6.723707725e-15
8995.5582,6.811838115e-15
8997.673897,6.892493016e-15
8999.789594,6.973145375e-15
9001.905291,7.049187758e-15
9004.020988,7.125230141e-15
9006.136685,7.200063808e-15
9008.252382,7.274900016e-15
9010.368079,7.352722015e-15
9012.483776,7.430544861e-15
9014.599473,7.510099889e-15
9016.71517,7.589653224e-15
9018.830867,7.667296499e-15
9020.946564,7.744937233e-15
9023.062261,7.817733785e-15
9025.177958,7.890525256e-15
9027.293655,7.953561448e-15
9029.409352,8.016590863e-15
9031.525049,8.063859537e-15
9033.640746,8.111118893e-15
9035.756443,8.13691867e-15
9037.87214,8.162707435e-15
9039.987837,8.163332545e-15
9042.103534,8.163945797e-15
9044.219231,8.13869998e-15
9046.334928,8.113442305e-15
9048.450625,8.061587795e-15
9050.566322,8.009722273e-15
9052.682019,7.933374111e-15
9054.797716,7.857017479e-15
9056.913413,7.764066625e-15
9059.02911,7.671111535e-15
9061.144807,7.568938186e-15
9063.260504,7.46676399e-15
9065.376201,7.362905892e-15
9067.491898,7.259049488e-15
9069.607595,7.15939098e-15
9071.723292,7.059737553e-15
9073.838989,6.970217606e-15
9075.954686,6.880704858e-15
9078.070383,6.806504772e-15
9080.18608,6.732309768e-15
9082.301777,6.669977037e-15
9084.417474,6.607647694e-15
9086.533171,6.554114788e-15
9088.648868,6.500584e-15
9090.764565,6.451807608e-15
9092.880262,6.403032909e-15
9094.995959,6.358863953e-15
9097.111656,6.314697114e-15
9099.227353,6.274469402e-15
9101.34305,6.234242536e-15
9103.458747,6.196513571e-15
9105.574444,6.1587863e-15
9107.690141,6.125549151e-15
9109.805838,6.09231539e-15
9111.921535,6.065416588e-15
9114.037232,6.038522021e-15
9116.152929,6.020691131e-15
9118.268626,6.002862781e-15
9120.384323,5.9910742e-15
9122.50002,5.97928689e-15
9124.615717,5.969423615e-15
9126.731414,5.959559069e-15
9128.847111,5.947224152e-15
9130.962808,5.934886693e-15
9133.078505,5.917760958e-15
9135.194202,5.900632681e-15
9137.309899,5.877347745e-15
9139.425596,5.854059421e-15
9141.541293,5.823584023e-15
9143.65699,5.793104813e-15
9145.772687,5.753942668e-15
9147.888384,5.714775441e-15
9150.004081,5.665351916e-15
9152.119778,5.615923308e-15
9154.235475,5.555005545e-15
9156.351172,5.494083124e-15
9158.466869,5.423037812e-15
9160.582566,5.351990806e-15
9162.698263,5.275919624e-15
9164.81396,5.199848442e-15
9166.929657,5.123187725e-15
9169.045354,5.046528703e-15
9171.161051,4.974133644e-15
9173.276748,4.901743243e-15
9175.392445,4.83891161e-15
9177.508142,4.776087176e-15
9179.623839,4.72804135e-15
9181.739536,4.680004417e-15
9183.855233,4.650554352e-15
9185.97093,4.62111064e-15
9188.086627,4.605580714e-15
9190.202324,4.590055448e-15
9192.318021,4.584631472e-15
9194.433718,4.579210038e-15
9196.549415,4.579441278e-15
9198.665112,4.579675059e-15
9200.780809,4.586263705e-15
9202.896506,4.592855315e-15
9205.012203,4.605657794e-15
9207.1279,4.618462815e-15
9209.243597,4.637503692e-15
9211.359294,4.656547534e-15
9213.474991,4.681450726e-15
9215.590688,4.706356883e-15
9217.706385,4.737016934e-15
9219.822082,4.767679951e-15
9221.937779,4.804354783e-15
9224.053476,4.84103258e-15
9226.169173,4.88351213e-15
9228.28487,4.925994644e-15
9230.400567,4.974227241e-15
9232.516264,5.022462379e-15
9234.631961,5.075122417e-15
9236.747658,5.127785844e-15
9238.863355,5.18830296e-15
9240.979052,5.248825158e-15
9243.094749,5.320863616e-15
9245.210446,5.392909697e-15
9247.326143,5.481210765e-15
9249.44184,5.569517337e-15
9251.557537,5.670355339e-15
9253.673234,5.771195882e-15
9255.788931,5.87689543e-15
9257.904628,5.982593706e-15
9260.020325,6.086177366e-15
9262.136022,6.18975679e-15
9264.251719,6.285131005e-15
9266.367416,6.380498868e-15
9268.483113,6.463080769e-15
9270.59881,6.545653776e-15
9272.714507,6.609919436e-15
9274.830204,6.674176203e-15
9276.945901,6.71922692e-15
9279.061598,6.764271286e-15
9281.177295,6.796660978e-15
9283.292992,6.829047283e-15
9285.408689,6.855068559e-15
9287.524386,6.881089411e-15
9289.640083,6.90592357e-15
9291.75578,6.930756882e-15
9293.871477,6.952515888e-15
9295.987174,6.974273623e-15
9298.102871,6.99279781e-15
9300.218568,7.011320303e-15
9302.334265,7.026812536e-15
9304.449962,7.042306039e-15
9306.565659,7.0611161e-15
9308.681356,7.079929548e-15
9310.797053,7.106485302e-15
9312.91275,7.133046561e-15
9315.028447,7.170771714e-15
9317.144144,7.208504491e-15
9319.259841,7.261702395e-15
9321.375538,7.31490877e-15
9323.491235,7.386216239e-15
9325.606932,7.457534719e-15
9327.722629,7.550464397e-15
9329.838326,7.64339577e-15
9331.954023,7.740595342e-15
9334.06972,7.837788984e-15
9336.185417,7.92247788e-15
9338.301114,8.007153222e-15
9340.416811,8.062145989e-15
9342.532508,8.117120122e-15
9344.648205,8.133963372e-15
9346.763902,8.150785446e-15
9348.879599,8.123847257e-15
9350.995296,8.09688281e-15
9353.110993,8.015651504e-15
9355.22669,7.934402409e-15
9357.342387,7.815777986e-15
9359.458084,7.69714594e-15
9361.573781,7.563634913e-15
9363.689478,7.430129815e-15
9365.805175,7.310848094e-15
9367.920872,7.191570608e-15
9370.036569,7.084271016e-15
9372.152266,6.976968035e-15
9374.267963,6.864113177e-15
9376.38366,6.751248154e-15
9378.499357,6.617279305e-15
9380.615054,6.483297751e-15
9382.730751,6.323082317e-15
9384.846448,6.162857564e-15
9386.962145,5.98305661e-15
9389.077842,5.803248032e-15
9391.193539,5.606415787e-15
9393.309236,5.409579729e-15
9395.424933,5.204273342e-15
9397.54063,4.998971614e-15
9399.656327,4.803088469e-15
9401.772024,4.607218029e-15
9403.887721,4.437670832e-15
9406.003418,4.268143117e-15
9408.119115,4.13810789e-15
9410.234812,4.008090873e-15
9412.350509,3.915407258e-15
9414.466206,3.822741006e-15
9416.581903,3.767050707e-15
9418.6976,3.711376926e-15
9420.813297,3.690115552e-15
9422.928994,3.668868154e-15
9425.044691,3.67625174e-15
9427.160388,3.683645914e-15
9429.276085,3.71279613e-15
9431.391782,3.741952698e-15
9433.507479,3.784913785e-15
9435.623176,3.827880379e-15
9437.738873,3.882558473e-15
9439.85457,3.937240802e-15
9441.970267,4.000754721e-15
9444.085964,4.064272028e-15
9446.201661,4.134510117e-15
9448.317358,4.20474863e-15
9450.433055,4.275909562e-15
9452.548752,4.347068377e-15
9454.664449,4.414225807e-15
9456.780146,4.481379426e-15
9458.895843,4.53988611e-15
9461.01154,4.598388558e-15
9463.127237,4.647849776e-15
9465.242934,4.697307183e-15
9467.358631,4.738600039e-15
9469.474328,4.779889084e-15
9471.590025,4.813308345e-15
9473.705722,4.846726336e-15
9475.821419,4.877570194e-15
9477.937116,4.908415322e-15
9480.052813,4.943126309e-15
9482.16851,4.977842801e-15
9484.284207,5.024203879e-15
9486.399904,5.070570886e-15
9488.515601,5.12963407e-15
9490.631298,5.188701912e-15
9492.746995,5.257633453e-15
9494.862692,5.326567959e-15
9496.978389,5.402518863e-15
9499.094086,5.478472307e-15
9501.209783,5.560130095e-15
9503.32548,5.641790847e-15
9505.441177,5.729811123e-15
9507.556874,5.81783521e-15
9509.672571,5.913080677e-15
9511.788268,6.008329532e-15
9513.903965,6.109548275e-15
9516.019662,6.210767442e-15
9518.135359,6.311759604e-15
9520.251056,6.412747954e-15
9522.366753,6.506784705e-15
9524.48245,6.600816373e-15
9526.598147,6.68545487e-15
9528.713844,6.770098449e-15
9530.829541,6.865358315e-15
9532.945238,6.960630463e-15
9535.060935,7.081724411e-15
9537.176632,7.202837841e-15
9539.292329,7.362356167e-15
9541.408026,7.521880423e-15
9543.523723,7.694770012e-15
9545.63942,7.86765706e-15
9547.755117,8.034553891e-15
9549.870814,8.201438863e-15
9551.986511,8.342747676e-15
9554.102208,8.484035313e-15
9556.217905,8.584378224e-15
9558.333602,8.684693183e-15
9560.449299,8.730301672e-15
9562.564996,8.775874585e-15
9564.680693,8.748456129e-15
9566.79639,8.721016497e-15
9568.912087,8.652378876e-15
9571.027784,8.58373702e-15
9573.143481,8.505393248e-15
9575.259178,8.427063877e-15
9577.374875,8.378652556e-15
9579.490572,8.330252246e-15
9581.606269,8.305509567e-15
9583.721966,8.280772816e-15
9585.837663,8.267917397e-15
9587.95336,8.255061978e-15
9590.069057,8.242043082e-15
9592.184754,8.229020797e-15
9594.300451,8.210260712e-15
9596.416148,8.191496391e-15
9598.531845,8.163455365e-15
9600.647542,8.135406716e-15
9602.763239,8.09143893e-15
9604.878936,8.047465214e-15
9606.994633,7.989685709e-15
9609.11033,7.931902815e-15
9611.226027,7.868035684e-15
9613.341724,7.8041694e-15
9615.457421,7.74083844e-15
9617.573118,7.677511716e-15
9619.688815,7.621832005e-15
9621.804512,7.566159071e-15
9623.920209,7.524777276e-15
9626.035906,7.483406493e-15
9628.151603,7.463627427e-15
9630.2673,7.443859372e-15
9632.382997,7.447450791e-15
9634.498694,7.451048987e-15
9636.614391,7.467959153e-15
9638.730088,7.484872707e-15
9640.845785,7.506530492e-15
9642.961482,7.528186584e-15
9645.077179,7.545733718e-15
9647.192876,7.563276618e-15
9649.308573,7.571708831e-15
9651.42427,7.580132573e-15
9653.539967,7.573692582e-15
9655.655664,7.567242426e-15
9657.771361,7.541208868e-15
9659.887058,7.515165146e-15
9662.002755,7.470105535e-15
9664.118452,7.425036606e-15
9666.234149,7.36192164e-15
9668.349846,7.29879905e-15
9670.465543,7.219540483e-15
9672.58124,7.14027514e-15
9674.696937,7.049477867e-15
9676.812634,6.958677205e-15
9678.928331,6.861334485e-15
9681.044028,6.763991765e-15
9683.159725,6.665646581e-15
9685.275422,6.567302668e-15
9687.391119,6.471302494e-15
9689.506816,6.375304862e-15
9691.622513,6.284701983e-15
9693.73821,6.194103763e-15
9695.853907,6.111930555e-15
9697.969604,6.02976243e-15
9700.085301,5.956740143e-15
9702.200998,5.883722515e-15
9704.316695,5.819767716e-15
9706.432392,5.755817575e-15
9708.548089,5.700393669e-15
9710.663786,5.644973573e-15
9712.779483,5.597181857e-15
9714.89518,5.549393105e-15
9717.010877,5.508025287e-15
9719.126574,5.466660009e-15
9721.242271,5.430531513e-15
9723.357968,5.394404711e-15
9725.473665,5.361689757e-15
9727.589362,5.328976074e-15
9729.705059,5.297650255e-15
9731.820756,5.266324435e-15
9733.936453,5.234105843e-15
9736.05215,5.201886827e-15
9738.167847,5.168641207e-15
9740.283544,5.135396435e-15
9742.399241,5.103768225e-15
9744.514938,5.072141285e-15
9746.630635,5.04417141e-15
9748.746332,5.016204076e-15
9750.862029,4.993756856e-15
9752.977726,4.9713126e-15
9755.093423,4.955390075e-15
9757.20912,4.939471361e-15
9759.324817,4.931525345e-15
9761.440514,4.923583141e-15
9763.556211,4.923954141e-15
9765.671908,4.924325989e-15
9767.787605,4.927238088e-15
9769.903302,4.930148493e-15
9772.018999,4.930715582e-15
9774.134696,4.931278859e-15
9776.250393,4.92464405e-15
9778.36609,4.91800797e-15
9780.481787,4.909006551e-15
9782.597484,4.900005555e-15
9784.713181,4.891755454e-15
